"level","beforeStatus","afterStatus","beforeCalculations","afterCalculations","beforeRamBytes","afterRamBytes","withinBudget","sourceRun"
"Level00001","Solved","Solved","4","8","40812544","39710720","True","route-dependency-v42-head"
"Level00002","Solved","Solved","6","12","41525248","40366080","True","route-dependency-v42-head"
"Level00003","Solved","Solved","6","12","41840640","40665088","True","route-dependency-v42-head"
"Level00004","Solved","Solved","10","16","46059520","44630016","True","route-dependency-v42-head"
"Level00005","Solved","Solved","17","27","47398912","48250880","True","route-dependency-v42-head"
"Level00006","Solved","Solved","12","16","47562752","44744704","True","route-dependency-v42-head"
"Level00007","Solved","Solved","3","6","40910848","39702528","True","route-dependency-v42-head"
"Level00008","Solved","Solved","10","18","47013888","45223936","True","route-dependency-v42-head"
"Level00009","Solved","Solved","18","22","50212864","49090560","True","route-dependency-v42-head"
"Level00010","Solved","Solved","15","20","49635328","47603712","True","route-dependency-v42-head"
"Level00011","Solved","Solved","18","23","48951296","51363840","True","route-dependency-v42-head"
"Level00012","Solved","Solved","17","24","50524160","50733056","True","route-dependency-v42-head"
"Level00013","Solved","Solved","21","33","49528832","51040256","True","route-dependency-v42-head"
"Level00014","Solved","Solved","19","26","48078848","48881664","True","route-dependency-v42-head"
"Level00015","Solved","Solved","5","10","41177088","39800832","True","route-dependency-v42-head"
"Level00016","Solved","Solved","16","24","48193536","49192960","True","route-dependency-v42-head"
"Level00017","Solved","Solved","112","36","49414144","49057792","True","route-dependency-v42-head"
"Level00018","Solved","Solved","107","37","50343936","54317056","True","route-dependency-v42-head"
"Level00019","Solved","Solved","187","49","51392512","51474432","True","route-dependency-v42-head"
"Level00020","Solved","Solved","38","110","51982336","52740096","True","route-dependency-v42-head"
"Level00021","Solved","Solved","17","23","47980544","47529984","True","route-dependency-v42-head"
"Level00022","Solved","Solved","202","155","51904512","51687424","True","route-dependency-v42-head"
"Level00023","Solved","Solved","35","39","51646464","52064256","True","route-dependency-v42-head"
"Level00024","Solved","Solved","567","405","54276096","58617856","True","route-dependency-v42-head"
"Level00025","Solved","Solved","4665","207","52121600","51367936","True","route-dependency-v42-head"
"Level00026","Solved","Solved","125","63","48365568","50995200","True","route-dependency-v42-head"
"Level00027","Solved","Solved","99","113","50167808","53825536","True","route-dependency-v42-head"
"Level00028","Solved","Solved","1947","272","53190656","54849536","True","route-dependency-v42-head"
"Level00029","Solved","Solved","694","106","49836032","51458048","True","route-dependency-v42-head"
"Level00030","Solved","Solved","5","8","39825408","38539264","True","route-dependency-v42-head"
"Level00031","Solved","Solved","111","38","47542272","47824896","True","route-dependency-v42-head"
"Level00032","Solved","Solved","21","28","48451584","49979392","True","route-dependency-v42-head"
"Level00033","Solved","Solved","56","107","48427008","50204672","True","route-dependency-v42-head"
"Level00034","Solved","Solved","19758","276","58044416","54353920","True","route-dependency-v42-head"
"Level00035","Solved","Solved","242","275","50888704","55373824","True","route-dependency-v42-head"
"Level00036","Solved","Solved","306","76","47910912","51228672","True","route-dependency-v42-head"
"Level00037","Solved","Solved","178","100","49897472","52137984","True","route-dependency-v42-head"
"Level00038","Solved","Solved","321","70","50876416","50528256","True","route-dependency-v42-head"
"Level00039","Solved","Solved","6581","624","58429440","56262656","True","route-dependency-v42-head"
"Level00040","Solved","Solved","12992","482","54652928","57692160","True","route-dependency-v42-head"
"Level00041","Solved","Solved","1049","129","49602560","50221056","True","route-dependency-v42-head"
"Level00042","Solved","Solved","48","55","50896896","51572736","True","route-dependency-v42-head"
"Level00043","Solved","Solved","10201","329","55201792","58793984","True","route-dependency-v42-head"
"Level00044","Solved","Solved","34874","441","55136256","53288960","True","route-dependency-v42-head"
"Level00045","Solved","Solved","287","1114","51167232","59969536","True","route-dependency-v42-head"
"Level00046","Solved","Solved","263","83","49160192","51847168","True","route-dependency-v42-head"
"Level00047","Solved","Solved","44","53","48119808","51154944","True","route-dependency-v42-head"
"Level00048","Solved","Solved","151","120","48209920","53334016","True","route-dependency-v42-head"
"Level00049","Solved","Solved","3244","282","52125696","56033280","True","route-dependency-v42-head"
"Level00050","Solved","Solved","4","8","40607744","39841792","True","route-dependency-v42-head"
"Level00051","Solved","Solved","599","912","49197056","56877056","True","route-dependency-v42-head"
"Level00052","Solved","Solved","535","277","51838976","53940224","True","route-dependency-v42-head"
"Level00053","Solved","Solved","241","144","49963008","51458048","True","route-dependency-v42-head"
"Level00054","Solved","Solved","878","142","49778688","49696768","True","route-dependency-v42-head"
"Level00055","Solved","Solved","5903","3931","55443456","67469312","True","route-dependency-v42-head"
"Level00056","Solved","Solved","35302","6716","61202432","67960832","True","route-dependency-v42-head"
"Level00057","Solved","Solved","56","112","52187136","53153792","True","route-dependency-v42-head"
"Level00058","Solved","Solved","15265","4790","55873536","64815104","True","route-dependency-v42-head"
"Level00059","Solved","Solved","1576","123","52895744","53673984","True","route-dependency-v42-head"
"Level00060","Solved","Solved","78","76","49623040","49696768","True","route-dependency-v42-head"
"Level00061","Solved","Solved","49","56","50802688","52424704","True","route-dependency-v42-head"
"Level00062","Solved","Solved","33198","2060","67796992","64376832","True","route-dependency-v42-head"
"Level00063","Solved","Solved","5557","202","52203520","54280192","True","route-dependency-v42-head"
"Level00064","Solved","Solved","370","109","51453952","51601408","True","route-dependency-v42-head"
"Level00065","Solved","Solved","2365","1378","54366208","63336448","True","route-dependency-v42-head"
"Level00066","Solved","Solved","1077","489","48300032","55025664","True","route-dependency-v42-head"
"Level00067","Solved","Solved","133795","464","63778816","62877696","True","route-dependency-v42-head"
"Level00068","Solved","Solved","335","1129","52514816","60248064","True","route-dependency-v42-head"
"Level00069","Solved","Solved","3422","299","52809728","55033856","True","route-dependency-v42-head"
"Level00070","Solved","Solved","8","16","44654592","40919040","True","route-dependency-v42-head"
"Level00071","Solved","Solved","105","85","50429952","51929088","True","route-dependency-v42-head"
"Level00072","Solved","Solved","588","134","51449856","52371456","True","route-dependency-v42-head"
"Level00073","Solved","Solved","18546","388","56795136","54071296","True","route-dependency-v42-head"
"Level00074","Solved","Solved","16686","584","59068416","61554688","True","route-dependency-v42-head"
"Level00075","Solved","Solved","47525","1129","56438784","61992960","True","route-dependency-v42-head"
"Level00076","Solved","Solved","175","172","50253824","53735424","True","route-dependency-v42-head"
"Level00077","Solved","Solved","576","361","50470912","52428800","True","route-dependency-v42-head"
"Level00078","Solved","Solved","622","265","52379648","53035008","True","route-dependency-v42-head"
"Level00079","Solved","Solved","23142","1179","56000512","64090112","True","route-dependency-v42-head"
"Level00080","Solved","Solved","1287","322","48881664","52572160","True","route-dependency-v42-head"
"Level00081","Solved","Solved","1499","1569","51421184","60731392","True","route-dependency-v42-head"
"Level00082","Solved","Solved","379","59","51437568","52322304","True","route-dependency-v42-head"
"Level00083","Solved","Solved","121","79","49459200","51232768","True","route-dependency-v42-head"
"Level00084","Solved","Solved","121","109","52695040","52142080","True","route-dependency-v42-head"
"Level00085","Solved","Solved","8268","489","53702656","58200064","True","route-dependency-v42-head"
"Level00086","Solved","Solved","555","82","48619520","51236864","True","route-dependency-v42-head"
"Level00087","Solved","Solved","20139","266","55607296","54951936","True","route-dependency-v42-head"
"Level00088","Solved","Solved","44536","706","58429440","60911616","True","route-dependency-v42-head"
"Level00089","Solved","Solved","2535","223","54267904","55619584","True","route-dependency-v42-head"
"Level00090","Solved","Solved","3","6","40800256","39821312","True","route-dependency-v42-head"
"Level00091","Solved","Solved","80","83","49848320","52523008","True","route-dependency-v42-head"
"Level00092","Solved","Solved","900","236","53051392","56852480","True","route-dependency-v42-head"
"Level00093","Solved","Solved","112134","1459","67452928","68038656","True","route-dependency-v42-head"
"Level00094","Solved","Solved","346","93","51412992","52105216","True","route-dependency-v42-head"
"Level00095","Solved","Solved","160579","2164","82001920","66154496","True","route-dependency-v42-head"
"Level00096","Solved","Solved","668","259","53288960","54853632","True","route-dependency-v42-head"
"Level00097","Solved","Solved","12483","103","57524224","55050240","True","route-dependency-v42-head"
"Level00098","Solved","Solved","21845","1729","62935040","66269184","True","route-dependency-v42-head"
"Level00099","Solved","Solved","395","187","52264960","52305920","True","route-dependency-v42-head"
"Level00100","Solved","Solved","23390","16199","61071360","77389824","True","route-dependency-v42-head"
"Level00101","Solved","Solved","279573","42109","75927552","77066240","True","route-dependency-v42-check"
"Level00102","Solved","Solved","7849","591","53903360","58044416","True","route-dependency-v42-middle"
"Level00103","Solved","Solved","1152","617","52760576","54472704","True","route-dependency-v42-middle"
"Level00104","Solved","Solved","55667","2258","62427136","62550016","True","route-dependency-v42-middle"
"Level00105","Solved","Solved","668399","1297","447922176","69332992","True","route-dependency-v42-middle"
"Level00106","Solved","Solved","288411","6988","201072640","68710400","True","route-dependency-v42-middle"
"Level00107","Solved","Solved","26","65","50958336","52441088","True","route-dependency-v42-middle"
"Level00108","Solved","Solved","42616","792","59428864","61734912","True","route-dependency-v42-middle"
"Level00109","Solved","Solved","44829","6923","70852608","66985984","True","route-dependency-v42-middle"
"Level00110","Solved","Solved","8","16","44765184","41525248","True","route-dependency-v42-middle"
"Level00111","Solved","Solved","375","62","49922048","52756480","True","route-dependency-v42-middle"
"Level00112","Solved","Solved","782","85","54124544","53129216","True","route-dependency-v42-middle"
"Level00113","Solved","Solved","12478","1299","55992320","60076032","True","route-dependency-v42-middle"
"Level00114","Solved","Solved","9765","1132","61829120","65617920","True","route-dependency-v42-middle"
"Level00115","Solved","Solved","34017","1601","55242752","66891776","True","route-dependency-v42-middle"
"Level00116","Solved","Solved","1839","1422","63668224","72949760","True","route-dependency-v42-middle"
"Level00117","Solved","Solved","15195","55358","65941504","78839808","True","route-dependency-v42-middle"
"Level00118","Solved","Solved","24","29","48742400","49217536","True","route-dependency-v42-middle"
"Level00119","Solved","Solved","15002","1857","68145152","75857920","True","route-dependency-v42-middle"
"Level00120","Solved","Solved","1727","262","48623616","51318784","True","route-dependency-v42-middle"
"Level00121","Solved","Solved","3354","245","56578048","60571648","True","route-dependency-v42-middle"
"Level00122","Solved","Solved","57","69","51482624","52641792","True","route-dependency-v42-middle"
"Level00123","Solved","Solved","264981","4188","91987968","71217152","True","route-dependency-v42-middle"
"Level00124","Solved","Solved","973","282","53624832","54358016","True","route-dependency-v42-middle"
"Level00125","Solved","Solved","84397","308","108687360","62337024","True","route-dependency-v42-middle"
"Level00126","Solved","Solved","931","164","48263168","52084736","True","route-dependency-v42-middle"
"Level00127","Solved","Solved","111","66","51367936","50782208","True","route-dependency-v42-middle"
"Level00128","Solved","Solved","5117","160","55742464","53575680","True","route-dependency-v42-middle"
"Level00129","Solved","Solved","830961","4193","796475392","65581056","True","route-dependency-v42-middle"
"Level00130","Solved","Solved","7","10","39596032","38539264","True","route-dependency-v42-middle"
"Level00131","Solved","Solved","80","44","51625984","50221056","True","route-dependency-v42-middle"
"Level00132","Solved","Solved","2990","482","53272576","57044992","True","route-dependency-v42-middle"
"Level00133","Solved","Solved","1671597","8230","1067646976","75415552","True","route-dependency-v42-middle"
"Level00134","Solved","Solved","5313","411","55627776","61763584","True","route-dependency-v42-middle"
"Level00135","Solved","Solved","9845","1757","54018048","62398464","True","route-dependency-v42-middle"
"Level00136","Solved","Solved","3218","555","52469760","59289600","True","route-dependency-v42-middle"
"Level00137","Solved","Solved","85","95","48504832","49721344","True","route-dependency-v42-middle"
"Level00138","Solved","Solved","862","201","51798016","54964224","True","route-dependency-v42-middle"
"Level00139","Solved","Solved","11379","2574","56442880","65179648","True","route-dependency-v42-middle"
"Level00140","Solved","Solved","1535","1024","50647040","58875904","True","route-dependency-v42-middle"
"Level00141","Solved","Solved","655","296","54226944","60891136","True","route-dependency-v42-middle"
"Level00142","Solved","Solved","1429","358","53239808","54521856","True","route-dependency-v42-middle"
"Level00143","Solved","Solved","222","56","48832512","49397760","True","route-dependency-v42-middle"
"Level00144","Solved","Solved","153","91","51920896","54185984","True","route-dependency-v42-middle"
"Level00145","Solved","Solved","66519","7047","69808128","75747328","True","route-dependency-v42-middle"
"Level00146","Solved","Solved","500","241","52731904","53227520","True","route-dependency-v42-middle"
"Level00147","Solved","Solved","514","288","49704960","53112832","True","route-dependency-v42-middle"
"Level00148","Solved","Solved","335101","2866","93499392","76992512","True","route-dependency-v42-middle"
"Level00149","Solved","Solved","2544066","14927","1566052352","70553600","True","route-dependency-v42-middle"
"Level00150","Solved","Solved","8","14","41914368","40382464","True","route-dependency-v42-middle"
"Level00151","Solved","Solved","2284","168","51732480","53256192","True","route-dependency-v42-middle"
"Level00152","Solved","Solved","184","74","51552256","52752384","True","route-dependency-v42-middle"
"Level00153","Solved","Solved","143","77","55619584","56098816","True","route-dependency-v42-middle"
"Level00154","Solved","Solved","20299","952","56455168","60456960","True","route-dependency-v42-middle"
"Level00155","Solved","Solved","3333","276","52752384","54136832","True","route-dependency-v42-middle"
"Level00156","Solved","Solved","59","119","57446400","62537728","True","route-dependency-v42-middle"
"Level00157","Solved","Solved","57","128","51060736","51302400","True","route-dependency-v42-middle"
"Level00158","Solved","Solved","1068","313","54071296","54956032","True","route-dependency-v42-middle"
"Level00159","Solved","Solved","318830","711","91664384","61652992","True","route-dependency-v42-middle"
"Level00160","Solved","Solved","166667","3168","67694592","71565312","True","route-dependency-v42-middle"
"Level00161","Solved","Solved","3895","139","51793920","52674560","True","route-dependency-v42-middle"
"Level00162","Solved","Solved","3605","338","55615488","55169024","True","route-dependency-v42-middle"
"Level00163","Solved","Solved","12713","281","53784576","55259136","True","route-dependency-v42-middle"
"Level00164","Solved","Solved","3007","204","52035584","54734848","True","route-dependency-v42-middle"
"Level00165","Solved","Solved","56901","7164","75141120","71688192","True","route-dependency-v42-middle"
"Level00166","Solved","Solved","575","99","47902720","48918528","True","route-dependency-v42-middle"
"Level00167","Solved","Solved","6501","1753","59969536","64868352","True","route-dependency-v42-middle"
"Level00168","Solved","Solved","8319","215","54759424","54210560","True","route-dependency-v42-middle"
"Level00169","Solved","Solved","146439","4096","70602752","74506240","True","route-dependency-v42-middle"
"Level00170","Solved","Solved","7","10","42459136","40214528","True","route-dependency-v42-middle"
"Level00171","Solved","Solved","50","91","48889856","52133888","True","route-dependency-v42-middle"
"Level00172","Solved","Solved","81","108","50335744","50987008","True","route-dependency-v42-middle"
"Level00173","Solved","Solved","15377","298","61825024","60624896","True","route-dependency-v42-middle"
"Level00174","Solved","Solved","259","234","51433472","54542336","True","route-dependency-v42-middle"
"Level00175","Solved","Solved","9599","2225","54976512","66465792","True","route-dependency-v42-middle"
"Level00176","Solved","Solved","76663","13728","72957952","72941568","True","route-dependency-v42-middle"
"Level00177","Solved","Solved","524","167","52219904","53751808","True","route-dependency-v42-middle"
"Level00178","Solved","Solved","15395","3055","54706176","66674688","True","route-dependency-v42-middle"
"Level00179","Solved","Solved","5231845","5679","913580032","75366400","True","route-dependency-v42-middle"
"Level00180","Solved","Solved","22","26","50192384","48947200","True","route-dependency-v42-middle"
"Level00181","Solved","Solved","150","214","51400704","52830208","True","route-dependency-v42-middle"
"Level00182","Solved","Solved","16451","542","55664640","60620800","True","route-dependency-v42-middle"
"Level00183","Solved","Solved","43191","1008","67506176","62255104","True","route-dependency-v42-middle"
"Level00184","Solved","Solved","4861","15415","56225792","67465216","True","route-dependency-v42-middle"
"Level00185","Solved","Solved","68","102","48123904","51535872","True","route-dependency-v42-middle"
"Level00186","Solved","Solved","35293","12129","89022464","71421952","True","route-dependency-v42-middle"
"Level00187","Solved","Solved","919","121","56991744","52551680","True","route-dependency-v42-middle"
"Level00188","Solved","Solved","6621","437","61575168","60764160","True","route-dependency-v42-middle"
"Level00189","Cancelled","Solved","11686389","2646","1146512998","71434240","True","route-dependency-v42-check"
"Level00190","Solved","Solved","6","12","41893888","40501248","True","route-dependency-v42-middle"
"Level00191","Solved","Solved","15454","820","54632448","56999936","True","route-dependency-v42-middle"
"Level00192","Solved","Solved","782","160","52649984","53817344","True","route-dependency-v42-middle"
"Level00193","Solved","Solved","74868","1108","67649536","64811008","True","route-dependency-v42-middle"
"Level00194","Solved","Solved","10183","257","59658240","54239232","True","route-dependency-v42-middle"
"Level00195","Solved","Solved","60115","540","64393216","66625536","True","route-dependency-v42-middle"
"Level00196","Solved","Solved","19099","8765","64126976","70975488","True","route-dependency-v42-middle"
"Level00197","Solved","Solved","245","223","51298304","53092352","True","route-dependency-v42-middle"
"Level00198","Solved","Solved","2600","367","52076544","54919168","True","route-dependency-v42-middle"
"Level00199","Solved","Solved","2260","629","54362112","57401344","True","route-dependency-v42-middle"
"Level00200","Solved","Solved","691","184","52510720","54362112","True","route-dependency-v42-middle"
"Level00201","Solved","Solved","404","55","50597888","52908032","True","route-dependency-v42-middle"
"Level00202","Solved","Solved","4144","2318","60846080","72028160","True","route-dependency-v42-middle"
"Level00203","Solved","Solved","10006","5107","55943168","70144000","True","route-dependency-v42-middle"
"Level00204","Solved","Solved","24","33","47759360","52523008","True","route-dependency-v42-middle"
"Level00205","Solved","Solved","375","95","49745920","53297152","True","route-dependency-v42-middle"
"Level00206","Cancelled","Solved","3655978","64364","1750807347","87703552","True","route-dependency-v42-206"
"Level00207","Solved","Solved","406","98","54108160","50081792","True","route-dependency-v42-tail"
"Level00208","Solved","Solved","7052","1183","53587968","58765312","True","route-dependency-v42-tail"
"Level00209","Solved","Solved","4478","263","60674048","61992960","True","route-dependency-v42-tail"
"Level00210","Solved","Solved","12","21","47222784","45182976","True","route-dependency-v42-tail"
"Level00211","Solved","Solved","921","134","55066624","51884032","True","route-dependency-v42-tail"
"Level00212","Solved","Solved","523","102","51314688","51724288","True","route-dependency-v42-tail"
"Level00213","Solved","Solved","25577","15927","72704000","73158656","True","route-dependency-v42-tail"
"Level00214","Solved","Solved","56","113","57389056","57221120","True","route-dependency-v42-tail"
"Level00215","Solved","Solved","13510","190","54284288","53235712","True","route-dependency-v42-tail"
"Level00216","Solved","Solved","1797932","10072","1524187136","76632064","True","route-dependency-v42-tail"
"Level00217","Solved","Solved","57","58","47845376","47718400","True","route-dependency-v42-tail"
"Level00218","Solved","Solved","184468","3002","69160960","67608576","True","route-dependency-v42-tail"
"Level00219","Solved","Solved","93450","12377","69402624","74600448","True","route-dependency-v42-tail"
"Level00220","Solved","Solved","455","148","54444032","54517760","True","route-dependency-v42-tail"
"Level00221","Solved","Solved","12083","549","61661184","61460480","True","route-dependency-v42-tail"
"Level00222","Solved","Solved","67185","459","55529472","55750656","True","route-dependency-v42-tail"
"Level00223","Solved","Solved","15983","1235","56127488","67371008","True","route-dependency-v42-tail"
"Level00224","Solved","Solved","579","116","49876992","51818496","True","route-dependency-v42-tail"
"Level00225","Solved","Solved","141064","11682","68182016","81539072","True","route-dependency-v42-tail"
"Level00226","Solved","Solved","6537","332","55083008","56582144","True","route-dependency-v42-tail"
"Level00227","Solved","Solved","258","316","55484416","59015168","True","route-dependency-v42-tail"
"Level00228","Solved","Solved","65","55","49065984","51511296","True","route-dependency-v42-tail"
"Level00229","Solved","Solved","70462","5410","79376384","68173824","True","route-dependency-v42-tail"
"Level00230","Solved","Solved","6","10","41349120","39981056","True","route-dependency-v42-tail"
"Level00231","Solved","Solved","229","137","50810880","52703232","True","route-dependency-v42-tail"
"Level00232","Solved","Solved","53","57","53637120","55803904","True","route-dependency-v42-tail"
"Level00233","Cancelled","Solved","2580954","62395","1321625190","90783744","True","route-dependency-v42-check"
"Level00234","Solved","Solved","113","68","54398976","55697408","True","route-dependency-v42-tail"
"Level00235","Solved","Solved","27","32","49270784","49119232","True","route-dependency-v42-tail"
"Level00236","Solved","Solved","42059","3696","74493952","74534912","True","route-dependency-v42-tail"
"Level00237","Solved","Solved","6149","422","54554624","55463936","True","route-dependency-v42-tail"
"Level00238","Solved","Solved","27","33","50659328","50933760","True","route-dependency-v42-tail"
"Level00239","Solved","Solved","566819","26253","182767616","87109632","True","route-dependency-v42-tail"
"Level00240","Solved","Solved","5371","385","61870080","61456384","True","route-dependency-v42-tail"
"Level00241","Solved","Solved","967","396","52580352","57364480","True","route-dependency-v42-tail"
"Level00242","Solved","Solved","272677","2225","80326656","75116544","True","route-dependency-v42-tail"
"Level00243","Solved","Solved","48512","3382","71360512","74334208","True","route-dependency-v42-tail"
"Level00244","Solved","Solved","12088","1870","63541248","63533056","True","route-dependency-v42-tail"
"Level00245","Solved","Solved","18","27","48168960","49561600","True","route-dependency-v42-tail"
"Level00246","Cancelled","Solved","3496770","53910","1567201690","83005440","True","route-dependency-v42-check"
"Level00247","Solved","Solved","17584","451","62857216","62144512","True","route-dependency-v42-tail"
"Level00248","Solved","Solved","1155","273","52764672","55369728","True","route-dependency-v42-tail"
"Level00249","Solved","Solved","58535","3743","64954368","73162752","True","route-dependency-v42-tail"
"Level00250","Solved","Solved","12","22","45834240","44089344","True","route-dependency-v42-tail"
"Level00251","Solved","Solved","510","212","51503104","54968320","True","route-dependency-v42-tail"
"Level00252","Solved","Solved","38883","680","70008832","60026880","True","route-dependency-v42-tail"
"Level00253","Solved","Solved","7058","690","60178432","63864832","True","route-dependency-v42-tail"
"Level00254","Solved","Solved","4688","861","56471552","64851968","True","route-dependency-v42-tail"
"Level00255","Solved","Solved","2432","678","59060224","64364544","True","route-dependency-v42-tail"
"Level00256","Solved","Solved","74437","550","61161472","57856000","True","route-dependency-v42-tail"
"Level00257","Solved","Solved","1348","155","54644736","53334016","True","route-dependency-v42-tail"
"Level00258","Solved","Solved","42892","616","61280256","63111168","True","route-dependency-v42-tail"
"Level00259","Solved","Solved","22147","20942","68210688","74399744","True","route-dependency-v42-tail"
"Level00260","Solved","Solved","178185","474","73113600","66113536","True","route-dependency-v42-tail"
"Level00261","Solved","Solved","18509","254","54501376","52572160","True","route-dependency-v42-tail"
"Level00262","Solved","Solved","9887","765","61116416","65179648","True","route-dependency-v42-tail"
"Level00263","Solved","Solved","4517","147","55275520","53280768","True","route-dependency-v42-tail"
"Level00264","Solved","Solved","259","251","52076544","53673984","True","route-dependency-v42-tail"
"Level00265","Solved","Solved","1914","1229","60526592","66211840","True","route-dependency-v42-tail"
"Level00266","Solved","Solved","1859","333","61595648","57528320","True","route-dependency-v42-tail"
"Level00267","Solved","Solved","33588","52894","63016960","82964480","True","route-dependency-v42-tail"
"Level00268","Solved","Solved","313633","19586","112893952","78024704","True","route-dependency-v42-tail"
"Level00269","Solved","Solved","143665","82130","80449536","121102336","True","route-dependency-v42-check"
"Level00270","Solved","Solved","616","64","52117504","51539968","True","route-dependency-v42-tail"
"Level00271","Solved","Solved","322","53","48652288","51245056","True","route-dependency-v42-tail"
"Level00272","Solved","Solved","1497","148","57896960","53772288","True","route-dependency-v42-tail"
"Level00273","Solved","Solved","246","241","59703296","59363328","True","route-dependency-v42-tail"
"Level00274","Solved","Solved","92718","47332","81924096","84434944","True","route-dependency-v42-tail"
"Level00275","Solved","Solved","66","81","51023872","52604928","True","route-dependency-v42-tail"
"Level00276","Solved","Solved","524915","3522","127356928","64667648","True","route-dependency-v42-tail"
"Level00277","Solved","Solved","120740","4007","64671744","77234176","True","route-dependency-v42-tail"
"Level00278","Solved","Solved","6761","523","54939648","59281408","True","route-dependency-v42-tail"
"Level00279","Solved","Solved","6942","3721","55181312","70684672","True","route-dependency-v42-tail"
"Level00280","Solved","Solved","8433","333","57974784","55255040","True","route-dependency-v42-tail"
"Level00281","Solved","Solved","669","614","52023296","54951936","True","route-dependency-v42-tail"
"Level00282","Solved","Solved","1141","391","53813248","63967232","True","route-dependency-v42-tail"
"Level00283","Solved","Solved","66482","576","61988864","68046848","True","route-dependency-v42-tail"
"Level00284","Solved","Solved","68","28","48898048","49430528","True","route-dependency-v42-tail"
"Level00285","Solved","Solved","8914","131","56041472","52535296","True","route-dependency-v42-tail"
"Level00286","Solved","Solved","31258","8406","60116992","69828608","True","route-dependency-v42-tail"
"Level00287","Solved","Solved","8008","417","57896960","57057280","True","route-dependency-v42-tail"
"Level00288","Solved","Solved","2275","231","53682176","56397824","True","route-dependency-v42-tail"
"Level00289","Solved","Solved","2234464","29138","1896566784","78913536","True","route-dependency-v42-tail"
"Level00290","Solved","Solved","3432","549","54411264","55750656","True","route-dependency-v42-tail"
"Level00291","Solved","Solved","113","46","52715520","52207616","True","route-dependency-v42-tail"
"Level00292","Solved","Solved","13626","1382","60604416","67117056","True","route-dependency-v42-tail"
"Level00293","Solved","Solved","898","107","51163136","50876416","True","route-dependency-v42-tail"
"Level00294","Solved","Solved","809658","3076","127504384","73756672","True","route-dependency-v42-tail"
"Level00295","Solved","Solved","780809","1089","111919104","61243392","True","route-dependency-v42-tail"
"Level00296","Solved","Solved","528","177","53374976","52584448","True","route-dependency-v42-tail"
"Level00297","Solved","Solved","4695","128","53411840","52465664","True","route-dependency-v42-tail"
"Level00298","Solved","Solved","4380","298","56262656","59904000","True","route-dependency-v42-tail"
"Level00299","Solved","Solved","2362","207","55095296","54423552","True","route-dependency-v42-tail"
