"level","status","calculations","peakWorkingSetBytes","withinBudget","sourceRun"
"Level00001","Solved","8","39710720","True","route-dependency-v42-head"
"Level00002","Solved","12","40366080","True","route-dependency-v42-head"
"Level00003","Solved","12","40665088","True","route-dependency-v42-head"
"Level00004","Solved","16","44630016","True","route-dependency-v42-head"
"Level00005","Solved","27","48250880","True","route-dependency-v42-head"
"Level00006","Solved","16","44744704","True","route-dependency-v42-head"
"Level00007","Solved","6","39702528","True","route-dependency-v42-head"
"Level00008","Solved","18","45223936","True","route-dependency-v42-head"
"Level00009","Solved","22","49090560","True","route-dependency-v42-head"
"Level00010","Solved","20","47603712","True","route-dependency-v42-head"
"Level00011","Solved","23","51363840","True","route-dependency-v42-head"
"Level00012","Solved","24","50733056","True","route-dependency-v42-head"
"Level00013","Solved","33","51040256","True","route-dependency-v42-head"
"Level00014","Solved","26","48881664","True","route-dependency-v42-head"
"Level00015","Solved","10","39800832","True","route-dependency-v42-head"
"Level00016","Solved","24","49192960","True","route-dependency-v42-head"
"Level00017","Solved","36","49057792","True","route-dependency-v42-head"
"Level00018","Solved","37","54317056","True","route-dependency-v42-head"
"Level00019","Solved","49","51474432","True","route-dependency-v42-head"
"Level00020","Solved","110","52740096","True","route-dependency-v42-head"
"Level00021","Solved","23","47529984","True","route-dependency-v42-head"
"Level00022","Solved","155","51687424","True","route-dependency-v42-head"
"Level00023","Solved","39","52064256","True","route-dependency-v42-head"
"Level00024","Solved","405","58617856","True","route-dependency-v42-head"
"Level00025","Solved","207","51367936","True","route-dependency-v42-head"
"Level00026","Solved","63","50995200","True","route-dependency-v42-head"
"Level00027","Solved","113","53825536","True","route-dependency-v42-head"
"Level00028","Solved","272","54849536","True","route-dependency-v42-head"
"Level00029","Solved","106","51458048","True","route-dependency-v42-head"
"Level00030","Solved","8","38539264","True","route-dependency-v42-head"
"Level00031","Solved","38","47824896","True","route-dependency-v42-head"
"Level00032","Solved","28","49979392","True","route-dependency-v42-head"
"Level00033","Solved","107","50204672","True","route-dependency-v42-head"
"Level00034","Solved","276","54353920","True","route-dependency-v42-head"
"Level00035","Solved","275","55373824","True","route-dependency-v42-head"
"Level00036","Solved","76","51228672","True","route-dependency-v42-head"
"Level00037","Solved","100","52137984","True","route-dependency-v42-head"
"Level00038","Solved","70","50528256","True","route-dependency-v42-head"
"Level00039","Solved","624","56262656","True","route-dependency-v42-head"
"Level00040","Solved","482","57692160","True","route-dependency-v42-head"
"Level00041","Solved","129","50221056","True","route-dependency-v42-head"
"Level00042","Solved","55","51572736","True","route-dependency-v42-head"
"Level00043","Solved","329","58793984","True","route-dependency-v42-head"
"Level00044","Solved","441","53288960","True","route-dependency-v42-head"
"Level00045","Solved","1114","59969536","True","route-dependency-v42-head"
"Level00046","Solved","83","51847168","True","route-dependency-v42-head"
"Level00047","Solved","53","51154944","True","route-dependency-v42-head"
"Level00048","Solved","120","53334016","True","route-dependency-v42-head"
"Level00049","Solved","282","56033280","True","route-dependency-v42-head"
"Level00050","Solved","8","39841792","True","route-dependency-v42-head"
"Level00051","Solved","912","56877056","True","route-dependency-v42-head"
"Level00052","Solved","277","53940224","True","route-dependency-v42-head"
"Level00053","Solved","144","51458048","True","route-dependency-v42-head"
"Level00054","Solved","142","49696768","True","route-dependency-v42-head"
"Level00055","Solved","3931","67469312","True","route-dependency-v42-head"
"Level00056","Solved","6716","67960832","True","route-dependency-v42-head"
"Level00057","Solved","112","53153792","True","route-dependency-v42-head"
"Level00058","Solved","4790","64815104","True","route-dependency-v42-head"
"Level00059","Solved","123","53673984","True","route-dependency-v42-head"
"Level00060","Solved","76","49696768","True","route-dependency-v42-head"
"Level00061","Solved","56","52424704","True","route-dependency-v42-head"
"Level00062","Solved","2060","64376832","True","route-dependency-v42-head"
"Level00063","Solved","202","54280192","True","route-dependency-v42-head"
"Level00064","Solved","109","51601408","True","route-dependency-v42-head"
"Level00065","Solved","1378","63336448","True","route-dependency-v42-head"
"Level00066","Solved","489","55025664","True","route-dependency-v42-head"
"Level00067","Solved","464","62877696","True","route-dependency-v42-head"
"Level00068","Solved","1129","60248064","True","route-dependency-v42-head"
"Level00069","Solved","299","55033856","True","route-dependency-v42-head"
"Level00070","Solved","16","40919040","True","route-dependency-v42-head"
"Level00071","Solved","85","51929088","True","route-dependency-v42-head"
"Level00072","Solved","134","52371456","True","route-dependency-v42-head"
"Level00073","Solved","388","54071296","True","route-dependency-v42-head"
"Level00074","Solved","584","61554688","True","route-dependency-v42-head"
"Level00075","Solved","1129","61992960","True","route-dependency-v42-head"
"Level00076","Solved","172","53735424","True","route-dependency-v42-head"
"Level00077","Solved","361","52428800","True","route-dependency-v42-head"
"Level00078","Solved","265","53035008","True","route-dependency-v42-head"
"Level00079","Solved","1179","64090112","True","route-dependency-v42-head"
"Level00080","Solved","322","52572160","True","route-dependency-v42-head"
"Level00081","Solved","1569","60731392","True","route-dependency-v42-head"
"Level00082","Solved","59","52322304","True","route-dependency-v42-head"
"Level00083","Solved","79","51232768","True","route-dependency-v42-head"
"Level00084","Solved","109","52142080","True","route-dependency-v42-head"
"Level00085","Solved","489","58200064","True","route-dependency-v42-head"
"Level00086","Solved","82","51236864","True","route-dependency-v42-head"
"Level00087","Solved","266","54951936","True","route-dependency-v42-head"
"Level00088","Solved","706","60911616","True","route-dependency-v42-head"
"Level00089","Solved","223","55619584","True","route-dependency-v42-head"
"Level00090","Solved","6","39821312","True","route-dependency-v42-head"
"Level00091","Solved","83","52523008","True","route-dependency-v42-head"
"Level00092","Solved","236","56852480","True","route-dependency-v42-head"
"Level00093","Solved","1459","68038656","True","route-dependency-v42-head"
"Level00094","Solved","93","52105216","True","route-dependency-v42-head"
"Level00095","Solved","2164","66154496","True","route-dependency-v42-head"
"Level00096","Solved","259","54853632","True","route-dependency-v42-head"
"Level00097","Solved","103","55050240","True","route-dependency-v42-head"
"Level00098","Solved","1729","66269184","True","route-dependency-v42-head"
"Level00099","Solved","187","52305920","True","route-dependency-v42-head"
"Level00100","Solved","16199","77389824","True","route-dependency-v42-head"
"Level00101","Solved","42109","77066240","True","route-dependency-v42-check"
"Level00102","Solved","591","58044416","True","route-dependency-v42-middle"
"Level00103","Solved","617","54472704","True","route-dependency-v42-middle"
"Level00104","Solved","2258","62550016","True","route-dependency-v42-middle"
"Level00105","Solved","1297","69332992","True","route-dependency-v42-middle"
"Level00106","Solved","6988","68710400","True","route-dependency-v42-middle"
"Level00107","Solved","65","52441088","True","route-dependency-v42-middle"
"Level00108","Solved","792","61734912","True","route-dependency-v42-middle"
"Level00109","Solved","6923","66985984","True","route-dependency-v42-middle"
"Level00110","Solved","16","41525248","True","route-dependency-v42-middle"
"Level00111","Solved","62","52756480","True","route-dependency-v42-middle"
"Level00112","Solved","85","53129216","True","route-dependency-v42-middle"
"Level00113","Solved","1299","60076032","True","route-dependency-v42-middle"
"Level00114","Solved","1132","65617920","True","route-dependency-v42-middle"
"Level00115","Solved","1601","66891776","True","route-dependency-v42-middle"
"Level00116","Solved","1422","72949760","True","route-dependency-v42-middle"
"Level00117","Solved","55358","78839808","True","route-dependency-v42-middle"
"Level00118","Solved","29","49217536","True","route-dependency-v42-middle"
"Level00119","Solved","1857","75857920","True","route-dependency-v42-middle"
"Level00120","Solved","262","51318784","True","route-dependency-v42-middle"
"Level00121","Solved","245","60571648","True","route-dependency-v42-middle"
"Level00122","Solved","69","52641792","True","route-dependency-v42-middle"
"Level00123","Solved","4188","71217152","True","route-dependency-v42-middle"
"Level00124","Solved","282","54358016","True","route-dependency-v42-middle"
"Level00125","Solved","308","62337024","True","route-dependency-v42-middle"
"Level00126","Solved","164","52084736","True","route-dependency-v42-middle"
"Level00127","Solved","66","50782208","True","route-dependency-v42-middle"
"Level00128","Solved","160","53575680","True","route-dependency-v42-middle"
"Level00129","Solved","4193","65581056","True","route-dependency-v42-middle"
"Level00130","Solved","10","38539264","True","route-dependency-v42-middle"
"Level00131","Solved","44","50221056","True","route-dependency-v42-middle"
"Level00132","Solved","482","57044992","True","route-dependency-v42-middle"
"Level00133","Solved","8230","75415552","True","route-dependency-v42-middle"
"Level00134","Solved","411","61763584","True","route-dependency-v42-middle"
"Level00135","Solved","1757","62398464","True","route-dependency-v42-middle"
"Level00136","Solved","555","59289600","True","route-dependency-v42-middle"
"Level00137","Solved","95","49721344","True","route-dependency-v42-middle"
"Level00138","Solved","201","54964224","True","route-dependency-v42-middle"
"Level00139","Solved","2574","65179648","True","route-dependency-v42-middle"
"Level00140","Solved","1024","58875904","True","route-dependency-v42-middle"
"Level00141","Solved","296","60891136","True","route-dependency-v42-middle"
"Level00142","Solved","358","54521856","True","route-dependency-v42-middle"
"Level00143","Solved","56","49397760","True","route-dependency-v42-middle"
"Level00144","Solved","91","54185984","True","route-dependency-v42-middle"
"Level00145","Solved","7047","75747328","True","route-dependency-v42-middle"
"Level00146","Solved","241","53227520","True","route-dependency-v42-middle"
"Level00147","Solved","288","53112832","True","route-dependency-v42-middle"
"Level00148","Solved","2866","76992512","True","route-dependency-v42-middle"
"Level00149","Solved","14927","70553600","True","route-dependency-v42-middle"
"Level00150","Solved","14","40382464","True","route-dependency-v42-middle"
"Level00151","Solved","168","53256192","True","route-dependency-v42-middle"
"Level00152","Solved","74","52752384","True","route-dependency-v42-middle"
"Level00153","Solved","77","56098816","True","route-dependency-v42-middle"
"Level00154","Solved","952","60456960","True","route-dependency-v42-middle"
"Level00155","Solved","276","54136832","True","route-dependency-v42-middle"
"Level00156","Solved","119","62537728","True","route-dependency-v42-middle"
"Level00157","Solved","128","51302400","True","route-dependency-v42-middle"
"Level00158","Solved","313","54956032","True","route-dependency-v42-middle"
"Level00159","Solved","711","61652992","True","route-dependency-v42-middle"
"Level00160","Solved","3168","71565312","True","route-dependency-v42-middle"
"Level00161","Solved","139","52674560","True","route-dependency-v42-middle"
"Level00162","Solved","338","55169024","True","route-dependency-v42-middle"
"Level00163","Solved","281","55259136","True","route-dependency-v42-middle"
"Level00164","Solved","204","54734848","True","route-dependency-v42-middle"
"Level00165","Solved","7164","71688192","True","route-dependency-v42-middle"
"Level00166","Solved","99","48918528","True","route-dependency-v42-middle"
"Level00167","Solved","1753","64868352","True","route-dependency-v42-middle"
"Level00168","Solved","215","54210560","True","route-dependency-v42-middle"
"Level00169","Solved","4096","74506240","True","route-dependency-v42-middle"
"Level00170","Solved","10","40214528","True","route-dependency-v42-middle"
"Level00171","Solved","91","52133888","True","route-dependency-v42-middle"
"Level00172","Solved","108","50987008","True","route-dependency-v42-middle"
"Level00173","Solved","298","60624896","True","route-dependency-v42-middle"
"Level00174","Solved","234","54542336","True","route-dependency-v42-middle"
"Level00175","Solved","2225","66465792","True","route-dependency-v42-middle"
"Level00176","Solved","13728","72941568","True","route-dependency-v42-middle"
"Level00177","Solved","167","53751808","True","route-dependency-v42-middle"
"Level00178","Solved","3055","66674688","True","route-dependency-v42-middle"
"Level00179","Solved","5679","75366400","True","route-dependency-v42-middle"
"Level00180","Solved","26","48947200","True","route-dependency-v42-middle"
"Level00181","Solved","214","52830208","True","route-dependency-v42-middle"
"Level00182","Solved","542","60620800","True","route-dependency-v42-middle"
"Level00183","Solved","1008","62255104","True","route-dependency-v42-middle"
"Level00184","Solved","15415","67465216","True","route-dependency-v42-middle"
"Level00185","Solved","102","51535872","True","route-dependency-v42-middle"
"Level00186","Solved","12129","71421952","True","route-dependency-v42-middle"
"Level00187","Solved","121","52551680","True","route-dependency-v42-middle"
"Level00188","Solved","437","60764160","True","route-dependency-v42-middle"
"Level00189","Solved","2646","71434240","True","route-dependency-v42-check"
"Level00190","Solved","12","40501248","True","route-dependency-v42-middle"
"Level00191","Solved","820","56999936","True","route-dependency-v42-middle"
"Level00192","Solved","160","53817344","True","route-dependency-v42-middle"
"Level00193","Solved","1108","64811008","True","route-dependency-v42-middle"
"Level00194","Solved","257","54239232","True","route-dependency-v42-middle"
"Level00195","Solved","540","66625536","True","route-dependency-v42-middle"
"Level00196","Solved","8765","70975488","True","route-dependency-v42-middle"
"Level00197","Solved","223","53092352","True","route-dependency-v42-middle"
"Level00198","Solved","367","54919168","True","route-dependency-v42-middle"
"Level00199","Solved","629","57401344","True","route-dependency-v42-middle"
"Level00200","Solved","184","54362112","True","route-dependency-v42-middle"
"Level00201","Solved","55","52908032","True","route-dependency-v42-middle"
"Level00202","Solved","2318","72028160","True","route-dependency-v42-middle"
"Level00203","Solved","5107","70144000","True","route-dependency-v42-middle"
"Level00204","Solved","33","52523008","True","route-dependency-v42-middle"
"Level00205","Solved","95","53297152","True","route-dependency-v42-middle"
"Level00206","Solved","64364","87703552","True","route-dependency-v42-206"
"Level00207","Solved","98","50081792","True","route-dependency-v42-tail"
"Level00208","Solved","1183","58765312","True","route-dependency-v42-tail"
"Level00209","Solved","263","61992960","True","route-dependency-v42-tail"
"Level00210","Solved","21","45182976","True","route-dependency-v42-tail"
"Level00211","Solved","134","51884032","True","route-dependency-v42-tail"
"Level00212","Solved","102","51724288","True","route-dependency-v42-tail"
"Level00213","Solved","15927","73158656","True","route-dependency-v42-tail"
"Level00214","Solved","113","57221120","True","route-dependency-v42-tail"
"Level00215","Solved","190","53235712","True","route-dependency-v42-tail"
"Level00216","Solved","10072","76632064","True","route-dependency-v42-tail"
"Level00217","Solved","58","47718400","True","route-dependency-v42-tail"
"Level00218","Solved","3002","67608576","True","route-dependency-v42-tail"
"Level00219","Solved","12377","74600448","True","route-dependency-v42-tail"
"Level00220","Solved","148","54517760","True","route-dependency-v42-tail"
"Level00221","Solved","549","61460480","True","route-dependency-v42-tail"
"Level00222","Solved","459","55750656","True","route-dependency-v42-tail"
"Level00223","Solved","1235","67371008","True","route-dependency-v42-tail"
"Level00224","Solved","116","51818496","True","route-dependency-v42-tail"
"Level00225","Solved","11682","81539072","True","route-dependency-v42-tail"
"Level00226","Solved","332","56582144","True","route-dependency-v42-tail"
"Level00227","Solved","316","59015168","True","route-dependency-v42-tail"
"Level00228","Solved","55","51511296","True","route-dependency-v42-tail"
"Level00229","Solved","5410","68173824","True","route-dependency-v42-tail"
"Level00230","Solved","10","39981056","True","route-dependency-v42-tail"
"Level00231","Solved","137","52703232","True","route-dependency-v42-tail"
"Level00232","Solved","57","55803904","True","route-dependency-v42-tail"
"Level00233","Solved","62395","90783744","True","route-dependency-v42-check"
"Level00234","Solved","68","55697408","True","route-dependency-v42-tail"
"Level00235","Solved","32","49119232","True","route-dependency-v42-tail"
"Level00236","Solved","3696","74534912","True","route-dependency-v42-tail"
"Level00237","Solved","422","55463936","True","route-dependency-v42-tail"
"Level00238","Solved","33","50933760","True","route-dependency-v42-tail"
"Level00239","Solved","26253","87109632","True","route-dependency-v42-tail"
"Level00240","Solved","385","61456384","True","route-dependency-v42-tail"
"Level00241","Solved","396","57364480","True","route-dependency-v42-tail"
"Level00242","Solved","2225","75116544","True","route-dependency-v42-tail"
"Level00243","Solved","3382","74334208","True","route-dependency-v42-tail"
"Level00244","Solved","1870","63533056","True","route-dependency-v42-tail"
"Level00245","Solved","27","49561600","True","route-dependency-v42-tail"
"Level00246","Solved","53910","83005440","True","route-dependency-v42-check"
"Level00247","Solved","451","62144512","True","route-dependency-v42-tail"
"Level00248","Solved","273","55369728","True","route-dependency-v42-tail"
"Level00249","Solved","3743","73162752","True","route-dependency-v42-tail"
"Level00250","Solved","22","44089344","True","route-dependency-v42-tail"
"Level00251","Solved","212","54968320","True","route-dependency-v42-tail"
"Level00252","Solved","680","60026880","True","route-dependency-v42-tail"
"Level00253","Solved","690","63864832","True","route-dependency-v42-tail"
"Level00254","Solved","861","64851968","True","route-dependency-v42-tail"
"Level00255","Solved","678","64364544","True","route-dependency-v42-tail"
"Level00256","Solved","550","57856000","True","route-dependency-v42-tail"
"Level00257","Solved","155","53334016","True","route-dependency-v42-tail"
"Level00258","Solved","616","63111168","True","route-dependency-v42-tail"
"Level00259","Solved","20942","74399744","True","route-dependency-v42-tail"
"Level00260","Solved","474","66113536","True","route-dependency-v42-tail"
"Level00261","Solved","254","52572160","True","route-dependency-v42-tail"
"Level00262","Solved","765","65179648","True","route-dependency-v42-tail"
"Level00263","Solved","147","53280768","True","route-dependency-v42-tail"
"Level00264","Solved","251","53673984","True","route-dependency-v42-tail"
"Level00265","Solved","1229","66211840","True","route-dependency-v42-tail"
"Level00266","Solved","333","57528320","True","route-dependency-v42-tail"
"Level00267","Solved","52894","82964480","True","route-dependency-v42-tail"
"Level00268","Solved","19586","78024704","True","route-dependency-v42-tail"
"Level00269","Solved","82130","121102336","True","route-dependency-v42-check"
"Level00270","Solved","64","51539968","True","route-dependency-v42-tail"
"Level00271","Solved","53","51245056","True","route-dependency-v42-tail"
"Level00272","Solved","148","53772288","True","route-dependency-v42-tail"
"Level00273","Solved","241","59363328","True","route-dependency-v42-tail"
"Level00274","Solved","47332","84434944","True","route-dependency-v42-tail"
"Level00275","Solved","81","52604928","True","route-dependency-v42-tail"
"Level00276","Solved","3522","64667648","True","route-dependency-v42-tail"
"Level00277","Solved","4007","77234176","True","route-dependency-v42-tail"
"Level00278","Solved","523","59281408","True","route-dependency-v42-tail"
"Level00279","Solved","3721","70684672","True","route-dependency-v42-tail"
"Level00280","Solved","333","55255040","True","route-dependency-v42-tail"
"Level00281","Solved","614","54951936","True","route-dependency-v42-tail"
"Level00282","Solved","391","63967232","True","route-dependency-v42-tail"
"Level00283","Solved","576","68046848","True","route-dependency-v42-tail"
"Level00284","Solved","28","49430528","True","route-dependency-v42-tail"
"Level00285","Solved","131","52535296","True","route-dependency-v42-tail"
"Level00286","Solved","8406","69828608","True","route-dependency-v42-tail"
"Level00287","Solved","417","57057280","True","route-dependency-v42-tail"
"Level00288","Solved","231","56397824","True","route-dependency-v42-tail"
"Level00289","Solved","29138","78913536","True","route-dependency-v42-tail"
"Level00290","Solved","549","55750656","True","route-dependency-v42-tail"
"Level00291","Solved","46","52207616","True","route-dependency-v42-tail"
"Level00292","Solved","1382","67117056","True","route-dependency-v42-tail"
"Level00293","Solved","107","50876416","True","route-dependency-v42-tail"
"Level00294","Solved","3076","73756672","True","route-dependency-v42-tail"
"Level00295","Solved","1089","61243392","True","route-dependency-v42-tail"
"Level00296","Solved","177","52584448","True","route-dependency-v42-tail"
"Level00297","Solved","128","52465664","True","route-dependency-v42-tail"
"Level00298","Solved","298","59904000","True","route-dependency-v42-tail"
"Level00299","Solved","207","54423552","True","route-dependency-v42-tail"
