level,warmup,expanded,beforeMedianMs,afterMedianMs,beforeP95Ms,afterP95Ms,speedup,beforeAllocatedBytes,afterAllocatedBytes,beforePeakRamBytes,afterPeakRamBytes,beforeGen0,afterGen0,beforeGen1,afterGen1,beforeGen2,afterGen2,significantRegression
Level00001,level1,8,0.8887,0.8466,1.1079,1.0943,1.0497283250649658,316488,235760,39735296,40947712,0,0,0,0,0,0,False
Level00002,level1,12,2.2389,1.734,2.2464,1.9414,1.2911764705882354,625184,442824,40296448,41234432,0,0,0,0,0,0,False
Level00003,level1,12,1.9733,1.7067,2.0849,1.8384,1.1562078865647154,546648,389360,40648704,41648128,0,0,0,0,0,0,False
Level00004,level1,16,22.4308,14.0067,30.4714,22.8263,1.6014335996344606,1867816,1205728,44302336,47239168,0,0,0,0,0,0,False
Level00005,level1,27,16.3815,6.9818,45.6739,27.946,2.3463147039445413,2180240,1304432,49491968,51261440,0,0,0,0,0,0,False
Level00006,level1,16,20.8652,13.0277,25.2738,27.4691,1.6016027387796774,1390704,938808,45285376,48668672,0,0,0,0,0,0,False
Level00007,level1,6,1.2463,0.6227,2.9481,2.4993,2.0014453187730847,210896,170544,40009728,41193472,0,0,0,0,0,0,False
Level00008,level1,18,24.7287,13.1739,33.8641,37.1393,1.8770978981167308,1369352,842640,46002176,50380800,0,0,0,0,0,0,False
Level00009,level1,22,40.6564,42.8209,123.3559,115.257,0.9494522534556723,2061192,1290560,58662912,57057280,0,0,0,0,0,0,False
Level00010,level1,20,58.5613,61.3976,68.9821,70.6877,0.9538043832332209,3377480,2119568,56074240,56770560,0,0,0,0,0,0,False
Level00011,level1,23,63.8435,32.2331,156.5379,138.7164,1.9806813492962203,5306384,3055864,53325824,58208256,0,0,0,0,0,0,False
Level00012,level1,24,60.3441,45.8585,145.9329,154.9566,1.3158760099000184,4873968,2936680,52985856,62935040,0,0,0,0,0,0,False
Level00013,level1,33,95.4018,54.7921,154.403,137.8787,1.7411597657326512,5965504,3132312,53788672,63115264,0,0,0,0,0,0,False
Level00014,level1,26,46.5541,34.8536,90.8089,93.8935,1.3357042027222439,3524480,2079488,57425920,62070784,0,0,0,0,0,0,False
Level00015,level1,10,0.7484,0.6236,0.8739,0.8293,1.2001282873636945,202352,178376,39710720,41041920,0,0,0,0,0,0,False
Level00016,level1,24,23.4688,11.1875,61.3923,46.6705,2.0977698324022347,1586816,1085424,48898048,51326976,0,0,0,0,0,0,False
Level00017,level1,36,77.5168,43.4729,92.199,106.9422,1.7831062570014882,4355088,2208672,53559296,63676416,0,0,0,0,0,0,False
Level00018,level1,37,192.1823,137.8145,237.7234,229.412,1.3944998530633568,13613472,4609192,61988864,67141632,2,0,0,0,0,0,False
Level00019,level1,49,87.9848,88.602,169.1385,145.6608,0.9930340172908061,4875192,2574400,57151488,61755392,0,0,0,0,0,0,False
Level00020,level1,110,68.2039,51.0888,168.3626,154.5353,1.335006889964141,5347056,2766856,57933824,60440576,0,0,0,0,0,0,False
Level00021,3-target-solves-and-JIT-pause,23,11.7361,34.8553,16.8796,39.9327,0.3367091948713682,1267232,903184,55717888,57237504,0,0,0,0,0,0,True
Level00022,level1,155,142.4326,96.3102,236.6392,218.7194,1.4788942396547824,11748688,4324304,63156224,67190784,1,0,0,0,0,0,False
Level00023,level1,39,167.3288,61.8398,312.5629,251.0519,2.7058431624940575,10436376,4454368,62271488,66084864,1,0,0,0,0,0,False
Level00024,level1,405,551.17,188.509,558.8226,411.3508,2.9238391800921972,33814752,11023000,76894208,83255296,5,1,0,0,0,0,False
Level00025,level1,207,226.6429,143.8348,283.6196,271.0061,1.5757167250206487,25584640,7925192,64077824,68763648,4,1,0,0,0,0,False
Level00026,target-level,63,45.3001,41.8283,53.0176,69.3504,1.083001221660933,3030792,1850736,57995264,65355776,0,0,0,0,0,0,False
Level00027,level1,113,67.5753,56.0435,200.4432,216.3157,1.2057651645596723,7116880,2997000,63954944,67309568,1,0,0,0,0,0,False
Level00028,level1,272,283.7793,151.3228,330.1268,263.3563,1.8753241415041222,24706376,7553616,76693504,79872000,3,1,0,0,0,0,False
Level00029,level1,106,86.683,59.3799,192.8711,205.6897,1.4598037383020182,8012760,3942648,58916864,66387968,1,0,0,0,0,0,False
Level00030,level1,8,0.6693,0.5549,0.817,0.7797,1.206163272661741,247696,188136,39641088,40726528,0,0,0,0,0,0,False
Level00031,level1,38,8.6392,9.6329,27.8818,35.3522,0.8968431105897499,1137688,875184,46428160,50221056,0,0,0,0,0,0,False
Level00032,level1,28,28.0841,27.8176,39.536,47.9998,1.009580265731048,1573128,1002592,53964800,54374400,0,0,0,0,0,0,False
Level00033,level1,107,66.5583,64.0944,100.2785,114.4482,1.0384417359394893,4359456,2082832,56549376,61403136,0,0,0,0,0,0,False
Level00034,level1,276,305.9479,174.852,427.5834,346.0046,1.7497535058220666,39140680,11097712,75419648,77803520,6,1,1,0,0,0,False
Level00035,level1,275,241.2373,156.4429,400.7956,272.4054,1.5420150099493168,39648016,9867368,69541888,76070912,6,1,0,0,0,0,False
Level00036,level1,76,47.886,43.086,83.6178,91.3658,1.111405096783178,3799104,2138488,57659392,59052032,0,0,0,0,0,0,False
Level00037,level1,100,53.63,38.8445,110.707,126.9728,1.3806330368520643,3669424,2321232,57503744,60489728,0,0,0,0,0,0,False
Level00038,target-level,70,50.7626,48.0997,54.9375,76.5971,1.0553620916554574,4782376,2313608,58753024,62124032,0,0,0,0,0,0,False
Level00039,level1,624,198.4781,115.0676,281.4838,311.9979,1.7248825907553473,15712760,8511008,67895296,69705728,2,1,0,0,0,0,False
Level00040,level1,482,250.7117,242.8803,411.3891,410.0542,1.0322438666289526,33015456,12640512,70885376,79155200,5,1,1,0,0,0,False
Level00041,target-level,129,32.6527,26.6139,40.0994,28.5875,1.2269039862628177,3451424,2039408,56025088,61190144,0,0,0,0,0,0,False
Level00042,level1,55,116.9642,112.3421,223.0452,235.5768,1.0411430799317443,12761912,4450624,65355776,69398528,2,0,0,0,0,0,False
Level00043,level1,329,219.7123,199.815,374.1027,339.151,1.0995786102144485,29630896,8011768,78286848,78848000,4,1,0,0,0,0,False
Level00044,level1,441,147.1819,121.7739,277.4393,299.8619,1.2086489797895938,18261032,7416232,67293184,68218880,2,1,0,0,0,0,False
Level00045,level1,1114,358.3005,190.2697,522.4927,382.3077,1.8831190673028864,39877888,16699584,73875456,73900032,6,2,1,0,0,0,False
Level00046,level1,83,93.5902,94.0134,134.6464,150.7847,0.9954985140416153,7843624,3309104,61272064,66830336,1,0,0,0,0,0,False
Level00047,target-level,53,20.2974,11.3452,26.4157,41.8174,1.789073793322286,2861016,1516848,56037376,61652992,0,0,0,0,0,0,False
Level00048,level1,120,92.2503,81.7756,139.8644,186.9869,1.1280907752434712,7218936,3277392,63066112,65130496,1,0,0,0,0,0,False
Level00049,level1,282,128.2197,106.3535,228.3819,215.4993,1.205599251552605,12844080,5693864,75173888,71745536,2,0,0,0,0,0,False
Level00050,level1,8,1.2144,1.0903,1.9874,1.9108,1.113821883885169,409960,300192,40517632,40689664,0,0,0,0,0,0,False
Level00051,level1,912,250.399,165.9766,339.4023,304.9452,1.508640374607023,32507032,14105680,65273856,70156288,5,2,0,0,0,0,False
Level00052,target-level,277,113.7486,67.2478,136.3462,120.962,1.691484331085924,12754880,7116496,67268608,74588160,2,1,0,0,0,0,False
Level00053,target-level,144,74.3702,55.7196,125.4029,119.6523,1.3347224316039599,7090840,3000928,63500288,62795776,1,0,0,0,0,0,False
Level00054,level1,142,57.1084,57.8179,113.4468,142.0148,0.9877287137720325,6038136,3117104,59547648,61792256,0,0,0,0,0,0,False
Level00055,level1,3931,609.0378,376.5397,1166.5459,1016.1332,1.6174597260262331,267991784,103610376,86728704,81530880,42,16,9,4,0,0,False
Level00056,level1,6716,1259.2897,528.8596,1747.4363,1231.7557,2.3811418002055746,628500432,101725744,102649856,99467264,100,16,22,7,0,0,False
Level00057,level1,112,249.194,107.3197,254.9479,237.6206,2.3219781643072053,13685448,3978872,69541888,68595712,2,0,0,0,0,0,False
Level00058,level1,4790,653.6998,392.3045,1650.9557,1010.5372,1.6663071670093001,258950512,90589720,88596480,90828800,41,14,10,4,0,0,False
Level00059,target-level,123,75.8445,49.4638,104.7085,110.2381,1.5333334681120334,8900632,3613336,67346432,67325952,1,0,0,0,0,0,False
Level00060,level1,76,53.7533,36.9196,117.1829,162.3805,1.4559556441564914,6047232,2941008,59387904,60760064,0,0,0,0,0,0,False
Level00061,level1,56,169.2682,97.2666,249.7916,259.7718,1.740249993317336,20685576,6507352,74125312,76648448,3,1,0,0,0,0,False
Level00062,target-level,2060,330.7448,362.3815,448.3197,446.6616,0.9126978060414231,138354032,33222744,89870336,92585984,21,5,4,1,0,0,False
Level00063,level1,202,93.5893,91.8671,237.0782,329.0016,1.0187466459701024,11330752,4834864,67362816,68767744,1,0,0,0,0,0,False
Level00064,level1,109,100.9016,88.5623,138.3408,148.2357,1.139329037299167,7990792,3545752,62636032,68272128,1,0,0,0,0,0,False
Level00065,3-target-solves-and-JIT-pause,1378,219.3464,138.1493,230.9511,155.1088,1.5877489064367316,113814664,34458200,83316736,83394560,18,5,4,1,0,0,False
Level00066,level1,489,131.0464,94.1915,187.445,211.6272,1.3912762828917684,12451920,5892672,65691648,65277952,1,0,0,0,0,0,False
Level00067,level1,464,355.1958,289.5282,559.4618,558.8621,1.2268089947714937,48711232,16796040,90996736,89350144,7,2,2,0,0,0,False
Level00068,level1,1129,439.6702,302.9843,613.2673,472.5093,1.4511319563422924,64097344,27488424,77148160,78688256,10,4,0,0,0,0,False
Level00069,level1,299,254.9965,196.9181,365.6898,324.5518,1.2949368290675158,29425744,7284480,80449536,82010112,4,1,0,0,0,0,False
Level00070,level1,16,1.8704,1.5426,3.0749,2.1686,1.212498379359523,567592,424312,41660416,41852928,0,0,0,0,0,0,False
Level00071,level1,85,136.4097,96.6319,235.5183,277.3551,1.4116425321244845,12094328,4579056,68812800,69468160,1,0,0,0,0,0,False
Level00072,level1,134,114.0187,98.1604,143.0141,151.576,1.1615549651386914,8040064,3409128,63004672,67969024,1,0,0,0,0,0,False
Level00073,level1,388,233.8982,180.0256,383.6038,358.971,1.299249662270255,28453768,10079264,86085632,86888448,4,1,0,0,0,0,False
Level00074,level1,584,346.3802,365.6776,527.4279,438.9182,0.9472283782216904,44762296,14156632,89051136,92663808,7,2,1,0,0,0,False
Level00075,level1,1129,377.3641,334.105,822.8701,748.8601,1.1294775594498736,144261504,39610832,86994944,89636864,22,6,6,1,0,0,False
Level00076,target-level,172,83.92,77.4509,93.5837,94.6827,1.0835251753046122,8633096,3536912,62636032,68247552,1,0,0,0,0,0,False
Level00077,level1,361,176.4518,106.1915,197.0444,190.5994,1.6616377016992885,14937240,6614592,65794048,65728512,2,1,0,0,0,0,False
Level00078,level1,265,191.2987,124.3905,289.008,282.2251,1.5378883435632142,16808328,6615032,67768320,70758400,2,1,0,0,0,0,False
Level00079,level1,1179,276.4383,295.7024,563.0875,413.0048,0.9348530820175961,50505888,18669648,82169856,83722240,7,2,1,0,0,0,False
Level00080,target-level,322,85.5214,77.4504,86.8376,79.8162,1.104208629006435,6631984,3930224,65187840,63483904,1,0,0,0,0,0,False
Level00081,level1,1569,449.5605,478.7366,784.2578,658.8651,0.9390560487750467,109236704,41033712,83316736,84701184,17,6,4,1,0,0,False
Level00082,target-level,59,49.9596,27.8225,65.8337,96.0983,1.7956545961002786,3882664,2196576,57946112,61702144,0,0,0,0,0,0,False
Level00083,level1,79,131.2135,93.7964,226.0322,199.5652,1.3989182953716774,6734240,2926152,64507904,65372160,1,0,0,0,0,0,False
Level00084,level1,109,172.6933,71.4092,277.845,230.2379,2.4183620597906152,9625768,3767312,62480384,67002368,1,0,0,0,0,0,False
Level00085,level1,489,275.3536,164.6479,553.1671,356.3262,1.6723784512283484,32186552,11232808,70885376,71958528,5,1,0,0,0,0,False
Level00086,level1,82,64.7987,48.7817,151.3203,208.6346,1.3283403407425325,5646976,2959872,60932096,63471616,0,0,0,0,0,0,False
Level00087,level1,266,127.2162,107.0693,270.4291,298.283,1.1881669161935307,16158664,6874488,64655360,70098944,2,1,0,0,0,0,False
Level00088,3-target-solves-and-JIT-pause,706,169.4546,70.7393,189.2688,72.909,2.3954803058554437,78447656,22803368,86155264,87105536,12,3,1,0,0,0,False
Level00089,level1,223,93.1014,75.4351,155.251,156.9584,1.2341920405752758,7442408,4169840,76562432,77017088,1,0,0,0,0,0,False
Level00090,level1,6,1.0287,0.745,5.5883,5.6415,1.3808053691275166,308672,225240,40505344,40783872,0,0,0,0,0,0,False
Level00091,level1,83,81.7368,65.8219,212.6669,223.6699,1.2417873078716963,9731400,3256232,62775296,62832640,1,0,0,0,0,0,False
Level00092,level1,236,199.7321,147.9163,344.8209,287.3046,1.3503048683613639,19884248,7064080,76214272,77467648,3,1,0,0,0,0,False
Level00093,level1,1459,501.6959,393.5223,1046.7308,805.275,1.2748855655702358,164592336,32205016,94883840,94654464,26,4,6,1,0,0,False
Level00094,level1,93,163.521,140.3876,254.3294,230.7272,1.1647823596955855,14728976,4704352,62857216,69951488,2,0,0,0,0,0,False
Level00095,level1,2164,453.9003,291.0655,843.8169,816.9392,1.5594438365247687,173422976,55053976,93384704,91713536,27,8,7,2,0,0,False
Level00096,level1,259,364.0967,246.0684,409.145,321.7644,1.4796564695019758,28069592,7987512,76255232,79519744,4,1,0,0,0,0,False
Level00097,level1,103,162.558,110.2572,312.8757,299.2814,1.4743526953341821,17605376,4916168,74223616,76996608,2,0,0,0,0,0,False
Level00098,level1,1729,450.7378,294.2628,1019.1275,935.3024,1.531752569471914,195481800,57858840,90161152,89010176,31,9,7,3,0,0,False
Level00099,target-level,187,109.3174,109.8942,110.0638,130.6906,0.9947513153560426,8820208,4131640,62992384,60747776,1,0,0,0,0,0,False
Level00100,level1,16199,2413.3631,1067.6651,2998.5307,1646.0642,2.2604120898959796,1270333560,277650040,126705664,122757120,202,44,31,19,0,1,False
Level00101,level1,42109,7468.4707,2202.2187,8238.3687,2638.3916,3.391339243463876,3671791760,433940080,123707392,110067712,591,69,127,44,6,1,False
Level00102,level1,591,292.1343,161.1713,433.4961,361.6771,1.812570228074105,29591064,11008656,78192640,77488128,4,1,1,0,0,0,False
Level00103,level1,617,260.696,196.8722,335.3672,334.1462,1.3241889916402623,25822776,9294240,82128896,84176896,4,1,0,0,0,0,False
Level00104,level1,2258,377.6532,238.4009,962.6108,813.2749,1.5841097915318274,126257896,46382688,83701760,84434944,19,7,4,2,0,0,False
Level00105,level1,1297,569.6294,589.1769,1077.4939,861.5539,0.9668223584461645,213798688,48403720,107536384,110043136,33,7,5,2,0,0,False
Level00106,level1,6988,1741.2092,699.2938,2302.1873,1387.345,2.48995372188342,783736992,140946992,88211456,88911872,125,22,23,8,1,0,False
Level00107,target-level,65,34.4769,24.8577,40.7209,60.2733,1.3869706368650356,2497744,1490944,60002304,64663552,0,0,0,0,0,0,False
Level00108,level1,792,480.1588,392.772,745.2889,588.9073,1.2224873463485177,82461288,26150112,87392256,82718720,13,4,3,1,0,0,False
Level00109,level1,6923,2974.2374,1023.5065,3629.9065,1656.269,2.90592917582839,1598377184,212498648,96509952,92311552,255,33,32,10,1,0,False
Level00110,level1,16,3.7301,2.8736,6.3016,5.207,1.298058184855234,1007608,693192,43433984,43110400,0,0,0,0,0,0,False
Level00111,level1,62,72.9968,66.5999,151.812,174.8673,1.0960496937683089,6580664,2829408,63619072,63700992,1,0,0,0,0,0,False
Level00112,level1,85,121.751,101.314,198.9791,229.0471,1.2017194069921235,11145320,4674976,72822784,70991872,1,0,0,0,0,0,False
Level00113,level1,1299,459.8343,174.5462,588.3323,542.8171,2.634456092427105,64013104,19239112,89649152,84885504,10,2,1,0,0,0,False
Level00114,3-target-solves-and-JIT-pause,1132,161.0211,72.4256,162.1757,73.1607,2.2232622166747666,73531592,21190384,84570112,84729856,11,3,2,0,0,0,False
Level00115,3-target-solves-and-JIT-pause,1601,222.2622,130.2295,222.6227,139.7462,1.7066962554567129,99545328,33019696,98291712,95428608,15,5,2,2,0,0,False
Level00116,level1,1422,523.728,498.0843,935.7492,905.2022,1.0514846583198867,184227576,50518800,103714816,107565056,29,7,5,2,0,0,False
Level00117,level1,55358,20384.9906,5894.8129,21069.6317,6581.6244,3.4581234291592193,10394811160,826914392,106418176,129019904,1662,132,208,74,6,1,False
Level00118,level1,29,80.4416,60.5016,98.6926,121.1043,1.3295780607455008,4939336,2228056,55808000,64987136,0,0,0,0,0,0,False
Level00119,level1,1857,588.0548,443.5538,1065.1212,1050.8292,1.325780097025434,235089584,88431952,115707904,116891648,37,13,7,6,0,0,False
Level00120,target-level,262,49.5116,43.0175,60.4938,51.6951,1.1509641425001453,4445736,2838208,58023936,61378560,0,0,0,0,0,0,False
Level00121,level1,245,230.8877,135.63,342.669,364.4285,1.7023350291233503,23223888,7535448,80195584,78413824,3,1,0,0,0,0,False
Level00122,level1,69,88.1189,42.7498,141.1272,142.231,2.061270462084033,5816984,3251928,59953152,62177280,0,0,0,0,0,0,False
Level00123,level1,4188,983.7971,569.2593,1444.2739,1206.0622,1.7282055822364253,396633640,109187808,103399424,107601920,63,17,14,5,0,0,False
Level00124,level1,282,247.4252,167.6313,256.505,214.2346,1.4760083588208168,19446600,7490040,82354176,77709312,3,1,0,0,0,0,False
Level00125,target-level,308,318.776,167.6061,323.1874,200.3052,1.901935550078428,40759296,11619744,86614016,88985600,6,1,0,0,0,0,False
Level00126,level1,164,51.2838,41.4769,126.6956,101.9933,1.2364424535102672,4579840,2856440,57626624,60223488,0,0,0,0,0,0,False
Level00127,level1,66,63.3434,31.0186,102.0903,132.3933,2.0421102177403236,3928280,2249488,57036800,61222912,0,0,0,0,0,0,False
Level00128,level1,160,111.3113,79.9751,283.6398,228.404,1.3918244553617314,10486936,4197096,63983616,66072576,1,0,0,0,0,0,False
Level00129,level1,4193,1326.7913,690.1835,1967.3382,1343.3431,1.9223747018003186,605484560,160088784,106491904,105320448,96,26,24,7,1,1,False
Level00130,level1,10,0.97,0.6718,14.7036,12.3043,1.4438821077701698,158792,146896,40439808,40701952,0,0,0,0,0,0,False
Level00131,level1,44,52.6986,40.8642,101.1699,111.7827,1.2896031244952795,2974352,1592176,56086528,65654784,0,0,0,0,0,0,False
Level00132,level1,482,418.1838,175.1222,773.5792,362.8309,2.387954239953587,30825320,12738928,84336640,83386368,4,1,0,0,0,0,False
Level00133,level1,8230,5207.2827,1748.8681,6629.8213,2603.8806,2.9775159716161554,2288016992,240897448,116711424,130535424,365,38,55,12,1,0,False
Level00134,level1,411,280.9129,228.69,461.9883,366.7798,1.2283567274476364,37909888,11728376,87531520,85176320,5,1,0,0,0,0,False
Level00135,level1,1757,302.8889,319.1609,813.6094,742.9297,0.949016311208547,107427656,41512216,87478272,88403968,17,6,4,2,0,0,False
Level00136,level1,555,367.4436,292.07,658.2835,514.9799,1.2580669017701236,64222136,16959344,82386944,78618624,10,2,2,0,0,0,False
Level00137,level1,95,89.3629,54.4386,161.5661,195.0969,1.6415356015768223,8825536,3860432,58748928,62623744,1,0,0,0,0,0,False
Level00138,level1,201,185.9339,120.8182,281.1066,245.41,1.5389560513233933,21831152,7416096,68026368,70500352,3,1,0,0,0,0,False
Level00139,level1,2574,388.0412,356.8951,810.014,718.5862,1.0872696206812589,139428760,50881688,93368320,88395776,22,7,3,2,0,0,False
Level00140,level1,1024,256.1631,264.0743,519.5861,422.8388,0.9700417647609025,45428440,20273400,73924608,79429632,7,3,2,1,0,0,False
Level00141,level1,296,242.495,132.3392,384.2064,361.5341,1.832374685656253,28440472,9839576,78835712,82112512,4,1,0,0,0,0,False
Level00142,level1,358,171.7291,124.2452,256.3651,222.3757,1.382178949367863,21532040,8460640,68153344,71139328,3,1,0,0,0,0,False
Level00143,level1,56,61.6725,63.6118,85.7689,103.7905,0.9695135179322075,4254392,2227120,58982400,61530112,0,0,0,0,0,0,False
Level00144,level1,91,115.0884,76.1986,221.0227,244.0042,1.5103742063502479,14261440,4198896,67395584,67801088,2,0,0,0,0,0,False
Level00145,level1,7047,2067.7174,781.2751,2610.1925,1534.5963,2.646593242252313,980253256,183849952,131526656,124764160,156,29,19,9,0,0,False
Level00146,level1,241,221.6545,179.1619,337.3999,306.7624,1.2371743099397807,25663160,7318792,72286208,78086144,4,1,0,0,0,0,False
Level00147,level1,288,122.9678,127.6707,181.1142,176.1835,0.9631638269391489,13055936,5741016,65830912,64905216,2,0,0,0,0,0,False
Level00148,level1,2866,1117.6383,497.7016,2032.0849,1395.3617,2.245599170265878,473984592,101756280,116137984,121810944,75,15,20,4,0,0,False
Level00149,level1,14927,13275.2527,5060.9749,14275.8561,5679.0388,2.6230623471379,4957364008,546881184,90398720,92979200,794,89,89,27,10,3,False
Level00150,level1,14,3.2305,1.3011,17.1065,13.0076,2.482899085389286,393656,309496,41332736,41496576,0,0,0,0,0,0,False
Level00151,level1,168,595.373,57.2854,645.2314,197.3768,10.39310190729226,7132672,3819896,63463424,61534208,1,0,0,0,0,0,False
Level00152,level1,74,455.1349,108.2695,1813.7074,236.7325,4.203722193230781,11524696,3715976,64024576,68141056,1,0,0,0,0,0,False
Level00153,level1,77,1290.0717,125.0413,5816.7087,377.893,10.317164808747188,24962528,7269824,78532608,78479360,3,1,0,0,0,0,False
Level00154,level1,952,2559.6973,330.8275,3634.254,432.8457,7.737256727448594,78701208,30625512,70561792,76681216,13,4,3,1,2,0,False
Level00155,level1,276,698.486,140.5145,1638.4064,301.2719,4.97091759213462,22464096,7202160,72732672,76587008,3,1,0,0,0,0,False
Level00156,level1,119,534.9297,218.6442,1643.055,435.7768,2.4465762183492634,36826168,10212832,81485824,83599360,5,1,0,0,0,0,False
Level00157,level1,128,125.8187,60.5876,163.6257,158.0731,2.0766410948774996,6498656,3488280,62042112,67305472,1,0,0,0,0,0,False
Level00158,level1,313,315.4491,151.1269,600.7175,343.8823,2.0873127153405515,29672936,8345144,79249408,79884288,4,1,0,0,0,0,False
Level00159,level1,711,619.7568,383.4628,744.8184,585.0645,1.6162110118634714,61198560,19774904,90013696,91340800,9,3,1,0,0,0,False
Level00160,level1,3168,2319.5146,806.9672,2887.5168,1404.7836,2.8743604448854922,1072683576,120457472,98672640,99237888,171,18,18,4,1,0,False
Level00161,level1,139,100.0143,82.3944,240.2942,201.2166,1.2138482712417349,11379168,4650952,64860160,66396160,1,0,0,0,0,0,False
Level00162,level1,338,346.3857,245.1634,504.7095,460.3788,1.4128768812963108,41679248,10952744,81399808,86921216,6,1,0,0,0,0,False
Level00163,level1,281,160.8675,82.1943,298.2232,268.8563,1.957161263007289,18303456,6192016,79134720,81354752,2,0,0,0,0,0,False
Level00164,level1,204,152.9884,108.9155,282.9591,239.6297,1.4046522303987956,15488312,5882208,65355776,69066752,2,0,0,0,0,0,False
Level00165,level1,7164,2100.6669,988.625,2564.9781,1637.7933,2.1248369199645976,974304024,251891008,108720128,109871104,156,39,35,10,1,1,False
Level00166,target-level,99,36.7224,14.4368,41.098,34.2038,2.5436661864125014,3753016,2067424,55312384,60387328,0,0,0,0,0,0,False
Level00167,level1,1753,1140.8488,583.5222,1698.5484,995.9172,1.9551077919571869,549325056,124448016,98983936,105496576,87,19,16,4,0,0,False
Level00168,level1,215,151.2195,76.1601,260.5751,231.0781,1.9855475504890356,15343216,5356872,68038656,71950336,2,0,0,0,0,0,False
Level00169,level1,4096,2240.3195,846.706,2954.9542,1571.3697,2.645923732676986,1000666088,209239320,130437120,126185472,159,34,31,9,0,1,False
Level00170,level1,10,1.7213,1.2111,4.159,3.0887,1.421269919907522,400608,306584,41361408,41467904,0,0,0,0,0,0,False
Level00171,level1,91,128.6745,62.5174,194.4373,199.4348,2.0582189918326734,7178664,2886632,63483904,63488000,1,0,0,0,0,0,False
Level00172,level1,108,80.0064,60.8741,137.449,135.9158,1.3142929423186545,8041296,3210608,61300736,66519040,1,0,0,0,0,0,False
Level00173,level1,298,519.2258,236.8312,641.0423,489.7217,2.1923876583828483,48493616,12067336,84180992,89010176,7,1,1,0,0,0,False
Level00174,level1,234,249.1614,149.659,376.9002,301.5797,1.664860783514523,24586336,6889120,76496896,76812288,3,1,0,0,0,0,False
Level00175,level1,2225,720.2622,427.9785,1240.1389,1088.9867,1.682940147694335,305018928,81875184,102084608,107274240,48,12,11,3,0,0,False
Level00176,level1,13728,10678.0755,3093.2399,11375.1017,3768.5403,3.452068331331172,6606790608,732998696,127889408,128438272,1059,118,115,30,9,2,False
Level00177,level1,167,117.4184,75.747,224.668,261.4158,1.5501392794434103,11380464,4672688,72978432,70197248,1,0,0,0,0,0,False
Level00178,level1,3055,662.1354,442.7991,1241.8106,1110.9888,1.4953404376838164,325209768,132772672,87805952,92827648,51,20,13,6,0,0,False
Level00179,level1,5679,6651.8537,1993.0329,6910.7459,2579.4247,3.3375533840911507,3523108608,511196968,134295552,128868352,563,81,110,22,2,1,False
Level00180,target-level,26,27.4865,24.0857,40.7668,37.6971,1.1411958132834006,2867880,1541072,58658816,64176128,0,0,0,0,0,0,False
Level00181,level1,214,125.6961,102.9155,263.2723,297.1079,1.2213524687729254,11765968,4998016,67440640,67551232,1,0,0,0,0,0,False
Level00182,level1,542,432.3618,224.935,597.4242,371.9044,1.9221632916175784,48997304,15431168,85639168,80920576,7,2,1,0,0,0,False
Level00183,level1,1008,401.8496,266.5237,653.0294,483.9797,1.507744339433979,57120048,29142280,87019520,85360640,9,4,2,1,0,0,False
Level00184,level1,15415,3403.2389,1739.2735,3928.0054,2380.2957,1.9567014043507245,1561696264,496838584,99471360,110641152,250,79,64,24,3,2,False
Level00185,level1,102,138.9742,81.0656,198.0242,204.3356,1.7143424584534006,9039736,4161568,61640704,61972480,1,0,0,0,0,0,False
Level00186,level1,12129,5401.1509,1842.1414,6213.0792,2455.8986,2.9319958283332648,2474364872,461630920,116183040,120725504,394,74,70,21,1,1,False
Level00187,level1,121,112.6595,90.6194,226.3852,257.6204,1.2432161325279134,13794976,4311800,68198400,66936832,2,0,0,0,0,0,False
Level00188,level1,437,388.0983,172.3039,505.9065,484.4766,2.2524057783950333,38166008,12299824,91414528,88993792,6,1,1,0,0,0,False
Level00189,level1,2646,1663.5295,728.9554,2448.1067,1369.1026,2.282073087050319,857625056,127821664,107499520,110608384,137,19,31,5,1,0,False
Level00190,level1,12,1.3807,1.2301,4.9826,4.8034,1.1224290708072515,446568,339424,41603072,41848832,0,0,0,0,0,0,False
Level00191,target-level,820,181.1155,167.6354,207.3703,182.1465,1.080413206279819,32006712,14789856,72802304,77688832,5,2,1,0,0,0,False
Level00192,level1,160,160.3796,89.0396,296.1053,271.8767,1.8012165373609048,15348400,5291240,66871296,67022848,2,0,0,0,0,0,False
Level00193,level1,1108,557.0834,410.3531,679.9613,552.884,1.357570833508995,62500688,22500912,86872064,94253056,9,3,1,1,0,0,False
Level00194,target-level,257,196.91,139.4152,215.6365,167.8265,1.412399795718114,23242944,7711224,81461248,79024128,3,1,0,0,0,0,False
Level00195,level1,540,383.8247,244.0866,806.7457,682.4852,1.572493942723607,103693768,28346632,92803072,105336832,16,4,2,1,0,0,False
Level00196,level1,8765,4018.2944,1443.1546,4447.4494,2250.6353,2.78438249096805,1792104952,337412856,101908480,99586048,286,54,37,14,1,1,False
Level00197,level1,223,79.0456,57.4195,154.6688,173.8824,1.3766333736796732,7176184,3999280,66994176,66650112,1,0,0,0,0,0,False
Level00198,level1,367,240.4873,158.3637,351.767,306.0431,1.5185759110200128,26807816,8215832,76173312,78180352,4,1,0,0,0,0,False
Level00199,level1,629,197.1766,156.8222,335.1661,346.8191,1.2573258122893314,25118624,11094480,73379840,75517952,3,1,0,0,0,0,False
Level00200,level1,184,141.7101,97.4619,237.8678,266.8291,1.4540051035327652,11679760,4900064,76414976,75153408,1,0,0,0,0,0,False
Level00201,target-level,55,56.9826,39.8851,79.6669,92.1593,1.428668851275288,5565528,2644328,61161472,62943232,0,0,0,0,0,0,False
Level00202,level1,2318,959.4097,570.34,1471.0911,1221.2195,1.6821715117298452,427333368,133633960,105811968,112828416,67,21,15,5,0,0,False
Level00203,level1,5107,1334.278,720.0279,1829.0728,1250.3242,1.853092081570728,673674016,230698928,106672128,115118080,107,36,20,8,0,0,False
Level00204,target-level,33,14.474,11.1162,30.0386,55.5521,1.3020636548460807,1776360,1128272,57315328,64540672,0,0,0,0,0,0,False
Level00205,level1,95,84.1071,74.8202,205.2756,195.3835,1.1241228972924424,7929296,2675376,61620224,63913984,1,0,0,0,0,0,False
Level00206,level1,64364,83488.7763,21266.2676,87146.7952,21979.411,3.9258781968867917,51924436336,5434077816,155910144,169295872,8289,876,624,154,14,12,False
Level00207,level1,98,43.3412,30.9076,121.6108,143.6045,1.4022829336473879,5628408,2891296,59654144,61751296,0,0,0,0,0,0,False
Level00208,level1,1183,335.3175,321.823,627.4042,491.1722,1.0419314343598811,58221768,18183544,75685888,75235328,9,2,2,0,0,0,False
Level00209,level1,263,283.5018,280.5936,360.3233,296.701,1.010364455924868,25841944,8277552,89202688,84602880,4,1,0,0,0,0,False
Level00210,level1,21,8.8245,3.7985,8.948,9.7634,2.3231538765302093,1152456,797592,45944832,45727744,0,0,0,0,0,0,False
Level00211,level1,134,116.1236,96.3182,224.2653,204.4204,1.205624689830167,13814624,4759624,64217088,67391488,2,0,0,0,0,0,False
Level00212,level1,102,97.7894,61.2535,165.2231,177.7285,1.5964704057727312,7741368,3578064,66375680,62455808,1,0,0,0,0,0,False
Level00213,level1,15927,5850.927,2416.9596,6409.5834,3063.1394,2.4207798094763353,2608919240,588949176,119033856,136785920,417,93,83,24,2,1,False
Level00214,level1,113,345.5423,227.8221,437.5209,426.9705,1.5167198441239897,41467056,7567752,75620352,79970304,6,1,1,0,0,0,False
Level00215,level1,190,109.9632,112.9393,191.7817,199.0146,0.9736486767670776,9310568,4200744,64557056,67674112,1,0,0,0,0,0,False
Level00216,level1,10072,3661.5157,1643.1152,4270.7441,2237.3656,2.228398653971432,1778118648,379957376,113397760,119341056,284,61,44,18,1,1,False
Level00217,3-target-solves-and-JIT-pause,58,14.9012,33.398,23.3406,36.9727,0.4461704293670279,1765064,1034360,57823232,57352192,0,0,0,0,0,0,True
Level00218,level1,3002,651.1161,448.9728,1164.2261,1020.2783,1.450235069919603,245436608,74000536,96325632,102342656,38,11,9,5,0,0,False
Level00219,level1,12377,9628.744,3323.3183,10311.9659,4138.0838,2.897328251705532,5112346168,870159504,117673984,124887040,817,140,148,34,3,3,False
Level00220,level1,148,235.1838,164.1161,324.4219,328.0995,1.433033078412173,23394400,6971768,76750848,81997824,3,1,0,0,0,0,False
Level00221,target-level,549,245.5269,183.266,336.5118,488.4477,1.3397296825379503,105182624,24951352,87322624,91336704,16,3,3,0,0,0,False
Level00222,level1,459,318.0714,239.2917,435.3984,364.7547,1.3292203615921487,42236632,12148528,83501056,87040000,6,1,1,0,0,0,False
Level00223,target-level,1235,319.803,253.8563,447.9791,560.6055,1.2597796469892613,144571312,41411248,93208576,92389376,22,6,5,1,0,0,False
Level00224,target-level,116,56.2865,48.5604,63.633,62.6572,1.1591028904210015,4738472,2420776,61493248,61886464,0,0,0,0,0,0,False
Level00225,level1,11682,8019.9673,2954.3315,8652.5375,3618.5596,2.7146470529796676,4000342776,679095816,124690432,124354560,638,109,113,31,2,2,False
Level00226,level1,332,246.1355,172.9993,400.2599,348.3878,1.4227543117226487,29934976,9111128,79880192,79917056,4,1,0,0,0,0,False
Level00227,level1,316,218.6744,153.696,342.4365,353.2097,1.4227722256922757,20045480,7323808,85262336,86949888,3,1,0,0,0,0,False
Level00228,target-level,55,36.2935,25.628,55.9854,69.8109,1.41616591228344,3980608,1830232,57475072,65069056,0,0,0,0,0,0,False
Level00229,level1,5410,1436.5959,717.711,2028.4799,1494.6178,2.0016356165643274,618417568,148408424,113135616,110931968,98,23,17,6,0,0,False
Level00230,level1,10,2.1204,1.6097,11.1649,11.9912,1.317264086475741,250920,219128,41033728,41340928,0,0,0,0,0,0,False
Level00231,level1,137,144.1518,100.4567,240.7532,220.6583,1.43496451705063,14875304,3988488,65568768,69382144,2,0,0,0,0,0,False
Level00232,target-level,57,213.1913,156.0285,264.2474,205.2031,1.3663612737416562,37557760,6113112,83505152,80523264,5,0,0,0,0,0,False
Level00233,level1,62395,78341.3725,30243.1429,79383.3164,31294.9353,2.590384628973201,42569756504,4136713720,166649856,172244992,6791,663,1184,152,8,6,False
Level00234,level1,68,208.6079,113.5928,272.1768,245.1239,1.8364535428301794,18997232,5648664,80314368,79245312,3,0,0,0,0,0,False
Level00235,level1,32,23.1588,22.2426,69.7026,96.1072,1.0411912276442503,2389240,1358368,58654720,65556480,0,0,0,0,0,0,False
Level00236,level1,3696,1049.0392,550.1383,1667.4637,1226.2662,1.9068645102513313,543722224,124211400,115671040,119148544,86,19,17,6,0,0,False
Level00237,level1,422,304.5267,178.2569,434.2935,279.3262,1.7083585544234192,38459344,11064160,73449472,69890048,6,1,0,0,0,0,False
Level00238,target-level,33,46.3614,29.8825,70.5896,69.5556,1.5514565381075882,4749736,1493568,58949632,65576960,0,0,0,0,0,0,False
Level00239,level1,26253,26370.8845,7522.453,27493.1329,7991.9233,3.505623032805921,12219344296,1191701248,169533440,147529728,1949,191,299,59,2,2,False
Level00240,level1,385,352.4048,282.1034,492.9912,487.912,1.2492043697452777,42635080,13015328,89423872,83759104,6,1,1,0,0,0,False
Level00241,level1,396,254.2481,204.8642,355.9814,267.7564,1.2410567585747045,29443216,10118496,77189120,76824576,4,1,0,0,0,0,False
Level00242,level1,2225,1414.3312,555.5223,2116.6553,1253.912,2.5459485604808307,764970256,122792784,124944384,126963712,121,19,20,5,0,0,False
Level00243,level1,3382,694.4177,388.0153,1295.6903,841.1925,1.7896657683343928,360032288,80535640,108154880,107794432,57,12,10,3,0,0,False
Level00244,level1,1870,303.6585,204.1084,781.7966,754.0942,1.4877315191339504,71975304,36325288,92450816,96722944,11,5,2,1,0,0,False
Level00245,level1,27,35.5268,36.483,58.2615,67.0615,0.9737905325768167,1899984,1269760,59940864,56750080,0,0,0,0,0,0,False
Level00246,level1,53910,34665.2472,13455.3018,35758.0415,14283.4243,2.5763262478438054,18243707944,2465973880,134488064,142077952,2921,397,276,101,15,7,False
Level00247,level1,451,316.7081,209.3885,489.8344,427.226,1.5125381766429389,37145336,12697640,87568384,86904832,5,1,0,0,0,0,False
Level00248,level1,273,290.2418,193.357,374.989,378.5138,1.501066938357546,27722472,8045072,75010048,79446016,4,1,0,0,0,0,False
Level00249,level1,3743,1613.4777,805.0387,2250.9564,1495.2542,2.0042237720994036,828862688,233581704,131215360,136503296,132,37,21,7,0,0,False
Level00250,level1,22,9.0835,3.7273,20.7962,13.7822,2.4370187535213157,912056,673592,44380160,44019712,0,0,0,0,0,0,False
Level00251,level1,212,152.1593,127.8614,281.3594,289.2837,1.1900331139812328,15323080,6556072,68526080,72933376,2,1,0,0,0,0,False
Level00252,level1,680,256.1565,197.6703,648.782,352.4,1.2958775294012301,40569904,13027048,82264064,80637952,6,2,1,0,0,0,False
Level00253,level1,690,364.1663,301.2825,777.5713,509.7688,1.2087203870121894,81041824,18408664,98131968,94314496,12,2,2,0,0,0,False
Level00254,level1,861,889.1423,353.7093,1233.2127,637.5304,2.5137656827230725,116423192,30529872,92639232,97304576,18,4,2,0,0,0,False
Level00255,level1,678,391.2003,336.6185,617.426,537.045,1.1621473567257892,47871112,15360376,88674304,85217280,7,2,2,0,0,0,False
Level00256,level1,550,502.568,316.0051,885.0794,393.7315,1.5903793957755743,44591480,13890256,87273472,91189248,7,2,0,0,0,0,False
Level00257,level1,155,156.5327,120.3372,309.4654,290.9627,1.3007839637285894,19365888,5134616,72445952,72077312,3,0,0,0,0,0,False
Level00258,level1,616,355.5004,370.4911,691.9232,581.1762,0.959538299300577,69301480,22872760,100175872,99045376,10,3,2,1,0,0,False
Level00259,level1,20942,7470.5618,2026.5787,7842.8383,2811.3028,3.6862924691747723,3336576224,326840816,118214656,124813312,532,51,70,28,1,0,False
Level00260,target-level,474,277.3585,231.5653,348.1069,279.4113,1.1977550176991112,38952824,12790632,85237760,84340736,6,1,1,0,0,0,False
Level00261,level1,254,158.7739,101.0807,302.6373,256.1765,1.5707637560879575,15958824,5327440,66666496,70721536,2,0,0,0,0,0,False
Level00262,level1,765,405.2025,295.8497,798.6642,653.6012,1.3696228186136408,87237952,27873792,89460736,83902464,13,4,1,0,0,0,False
Level00263,target-level,147,76.5986,61.4309,88.4909,126.8026,1.246906687025585,8933592,4347848,65949696,68923392,1,0,0,0,0,0,False
Level00264,level1,251,160.4025,86.6134,252.2863,222.5465,1.8519363054677453,15728328,5750760,66789376,65298432,2,0,0,0,0,0,False
Level00265,level1,1229,485.2761,400.2794,814.0876,867.0286,1.2123434281154613,142189856,52451504,91348992,98172928,22,8,3,1,0,0,False
Level00266,level1,333,304.2513,243.3647,490.6848,396.2327,1.2501866540217215,38077840,10805600,86220800,84054016,5,1,1,0,0,0,False
Level00267,level1,52894,19485.49,6576.4032,19989.3255,7305.4586,2.962940289305863,8385898712,761155208,102862848,105508864,1358,122,193,81,22,2,False
Level00268,level1,19586,10114.713,4422.2914,10875.0609,5056.2006,2.287210878957456,5926784984,1132704504,129978368,126349312,945,182,207,52,2,3,False
Level00269,level1,82130,4511.1948,2842.8447,5260.5612,3502.3548,1.5868593877111894,2220349832,1064792624,141828096,142602240,354,169,53,109,2,2,False
Level00270,level1,64,61.7177,52.1545,146.3568,165.5525,1.1833628929430826,5916136,3027040,61349888,66342912,0,0,0,0,0,0,False
Level00271,target-level,53,47.841,41.4189,65.9155,65.9589,1.1550524036128433,3168592,1851208,58470400,62369792,0,0,0,0,0,0,False
Level00272,level1,148,176.4397,136.5311,277.2018,283.8371,1.2923040977476925,14825496,4461864,64622592,68124672,2,0,0,0,0,0,False
Level00273,level1,241,367.0474,231.793,491.7394,458.1589,1.5835137385512073,49107072,12255544,86822912,90226688,7,1,0,0,0,0,False
Level00274,level1,47332,56152.7225,17290.3448,56293.8716,17806.3757,3.247634627853113,32160416440,1722168624,125902848,127373312,5138,278,794,73,12,5,False
Level00275,level1,81,133.5227,106.4557,214.836,262.8728,1.2542559956864685,15630184,4573160,65130496,66850816,2,0,0,0,0,0,False
Level00276,level1,3522,577.0797,428.1295,1134.7865,842.9854,1.3479092190563837,241240696,66022368,80338944,83931136,38,10,6,4,0,0,False
Level00277,level1,4007,2336.1242,893.2101,2974.9783,1443.5692,2.6154251950353005,1076998872,247893840,122355712,135270400,171,39,31,9,0,1,False
Level00278,level1,523,291.8138,309.4606,418.2901,396.0903,0.9429756162820082,28723928,13253520,79032320,80764928,4,2,1,0,0,0,False
Level00279,level1,3721,1027.3525,526.8987,1441.5445,1300.4186,1.9498102766243304,473247536,147506160,99323904,108908544,75,23,17,7,1,0,False
Level00280,level1,333,265.3638,154.7645,330.353,242.6002,1.7146296469797662,22272440,7338312,80441344,78774272,3,1,0,0,0,0,False
Level00281,level1,614,237.8216,214.1638,407.8579,326.0862,1.1104659144075701,41494376,15303984,74014720,75710464,6,2,0,0,0,0,False
Level00282,level1,391,273.2207,208.1175,422.7598,386.7799,1.3128194409408147,28660416,10315992,82915328,84475904,4,1,0,0,0,0,False
Level00283,level1,576,466.6264,319.9183,953.2297,678.4191,1.458579893679105,115406864,24686160,98525184,106811392,18,3,3,0,0,0,False
Level00284,level1,28,21.6358,22.7469,47.9068,60.5652,0.9511537835924895,1775264,1074376,55873536,55349248,0,0,0,0,0,0,False
Level00285,level1,131,123.0743,78.9968,214.1425,192.3131,1.5579656391144958,10941712,4697496,65867776,68988928,1,0,0,0,0,0,False
Level00286,level1,8406,2761.8449,986.1336,3422.6739,1726.2962,2.8006802526554213,1414045368,180111560,105345024,104882176,226,28,38,12,1,0,False
Level00287,level1,417,331.1775,176.7068,409.6176,346.7194,1.8741638691889617,34448008,11598408,82923520,87597056,5,1,0,0,0,0,False
Level00288,level1,231,173.2223,93.4303,293.3506,274.2155,1.8540270126500715,17141824,6432128,80404480,79241216,2,1,0,0,0,0,False
Level00289,level1,29138,14547.5591,6022.8771,15249.982,6536.3288,2.4153836876399155,7859741616,1015186152,142274560,139841536,1254,162,210,46,3,2,False
Level00290,target-level,549,203.1539,216.5293,295.9757,267.6583,0.9382282213076937,45115968,11343848,82493440,80084992,7,1,1,0,0,0,False
Level00291,target-level,46,44.0308,24.7964,80.9977,75.8181,1.7756932457937444,5988832,2924616,64126976,68739072,0,0,0,0,0,0,False
Level00292,target-level,1382,316.9171,203.6717,385.5592,442.9555,1.556019319326151,133542344,32952632,102703104,103530496,21,5,5,1,0,0,False
Level00293,level1,107,87.1651,87.3707,143.9264,179.4727,0.9976468083693961,8758072,3213280,62697472,68243456,1,0,0,0,0,0,False
Level00294,level1,3076,1316.2864,584.3379,1837.6687,1414.3074,2.2526117166112276,579757336,93011176,103657472,103497728,92,14,19,6,0,0,False
Level00295,level1,1089,506.6619,297.7034,741.1248,503.3953,1.7019016242340532,84436064,26737856,86491136,83034112,13,4,1,0,0,0,False
Level00296,level1,177,106.671,99.2063,198.0055,246.6844,1.07524421332113,9240352,4430504,65327104,66842624,1,0,0,0,0,0,False
Level00297,level1,128,107.2276,97.2827,215.3751,220.59,1.1022268090832181,10238168,3733872,71737344,72826880,1,0,0,0,0,0,False
Level00298,level1,298,157.089,138.1081,327.468,256.5305,1.137435096131219,22749056,8043096,79925248,80396288,3,1,0,0,0,0,False
Level00299,level1,207,180.9077,91.6986,265.5926,268.6987,1.9728512758100998,16814504,5477984,69664768,70598656,2,0,0,0,0,0,False
